Year,GeoTypeName,Borough,Geography,Geography ID,Indicator Name,10th Percentile (ppb),90th Percentile (ppb),Mean (ppb),Notes 10th Percentile,Notes 90th Percentile,Notes Mean
Winter 2008-09,Citywide,New York City, New York City,1,Sulfur Dioxide (SO2),2.1,7,4.3,,,
Winter 2009-10,Citywide,New York City, New York City,1,Sulfur Dioxide (SO2),1.1,4.7,2.9,,,
Winter 2010-11,Citywide,New York City, New York City,1,Sulfur Dioxide (SO2),1.8,5.9,3.6,,,
Winter 2011-12,Citywide,New York City, New York City,1,Sulfur Dioxide (SO2),0.8,3.5,2,,,
Winter 2012-13,Citywide,New York City, New York City,1,Sulfur Dioxide (SO2),0.4,2.3,1.2,,,
Winter 2013-14,Citywide,New York City, New York City,1,Sulfur Dioxide (SO2),0.8,2.3,1.4,,,
Winter 2014-15,Citywide,New York City, New York City,1,Sulfur Dioxide (SO2),0.3,1.1,0.6,,,
Winter 2015-16,Citywide,New York City, New York City,1,Sulfur Dioxide (SO2),0.1,0.3,0.2,,,
Winter 2008-09,Borough,Bronx, Bronx,1,Sulfur Dioxide (SO2),4.3,11,6.6,,,
Winter 2009-10,Borough,Bronx, Bronx,1,Sulfur Dioxide (SO2),2.8,7.2,4.3,,,
Winter 2010-11,Borough,Bronx, Bronx,1,Sulfur Dioxide (SO2),3.5,9.1,5.4,,,
Winter 2011-12,Borough,Bronx, Bronx,1,Sulfur Dioxide (SO2),2,5.9,3.4,,,
Winter 2012-13,Borough,Bronx, Bronx,1,Sulfur Dioxide (SO2),1.2,4,2.2,,,
Winter 2013-14,Borough,Bronx, Bronx,1,Sulfur Dioxide (SO2),1.5,3.2,2.1,,,
Winter 2014-15,Borough,Bronx, Bronx,1,Sulfur Dioxide (SO2),0.8,1.6,1.1,,,
Winter 2015-16,Borough,Bronx, Bronx,1,Sulfur Dioxide (SO2),0.2,0.5,0.3,,,
Winter 2008-09,Borough,Brooklyn, Brooklyn,2,Sulfur Dioxide (SO2),3,4.8,3.9,,,
Winter 2009-10,Borough,Brooklyn, Brooklyn,2,Sulfur Dioxide (SO2),2,3.3,2.7,,,
Winter 2010-11,Borough,Brooklyn, Brooklyn,2,Sulfur Dioxide (SO2),2.4,4.1,3.3,,,
Winter 2011-12,Borough,Brooklyn, Brooklyn,2,Sulfur Dioxide (SO2),1.1,2,1.6,,,
Winter 2012-13,Borough,Brooklyn, Brooklyn,2,Sulfur Dioxide (SO2),0.6,1.2,0.9,,,
Winter 2013-14,Borough,Brooklyn, Brooklyn,2,Sulfur Dioxide (SO2),0.8,1.4,1.1,,,
Winter 2014-15,Borough,Brooklyn, Brooklyn,2,Sulfur Dioxide (SO2),0.4,0.6,0.5,,,
Winter 2015-16,Borough,Brooklyn, Brooklyn,2,Sulfur Dioxide (SO2),0.2,0.2,0.2,,,
Winter 2008-09,Borough,Manhattan, Manhattan,3,Sulfur Dioxide (SO2),5.5,12.8,9.2,,,
Winter 2009-10,Borough,Manhattan, Manhattan,3,Sulfur Dioxide (SO2),3.7,8.6,6.2,,,
Winter 2010-11,Borough,Manhattan, Manhattan,3,Sulfur Dioxide (SO2),4.7,10.8,7.8,,,
Winter 2011-12,Borough,Manhattan, Manhattan,3,Sulfur Dioxide (SO2),2.7,6.8,4.8,,,
Winter 2012-13,Borough,Manhattan, Manhattan,3,Sulfur Dioxide (SO2),1.5,4.7,3.1,,,
Winter 2013-14,Borough,Manhattan, Manhattan,3,Sulfur Dioxide (SO2),1.8,4,2.9,,,
Winter 2014-15,Borough,Manhattan, Manhattan,3,Sulfur Dioxide (SO2),0.7,1.6,1.2,,,
Winter 2015-16,Borough,Manhattan, Manhattan,3,Sulfur Dioxide (SO2),0.2,0.5,0.4,,,
Winter 2008-09,Borough,Queens, Queens,4,Sulfur Dioxide (SO2),2.8,5.5,4,,,
Winter 2009-10,Borough,Queens, Queens,4,Sulfur Dioxide (SO2),2.1,3.9,2.8,,,
Winter 2010-11,Borough,Queens, Queens,4,Sulfur Dioxide (SO2),2.3,4.8,3.4,,,
Winter 2011-12,Borough,Queens, Queens,4,Sulfur Dioxide (SO2),1.1,2.5,1.7,,,
Winter 2012-13,Borough,Queens, Queens,4,Sulfur Dioxide (SO2),0.6,1.6,1,,,
Winter 2013-14,Borough,Queens, Queens,4,Sulfur Dioxide (SO2),0.9,2,1.5,,,
Winter 2014-15,Borough,Queens, Queens,4,Sulfur Dioxide (SO2),0.3,0.8,0.6,,,
Winter 2015-16,Borough,Queens, Queens,4,Sulfur Dioxide (SO2),0.2,0.3,0.3,,,
Winter 2008-09,Borough,Staten Island, Staten Island,5,Sulfur Dioxide (SO2),1.6,2.6,2.1,,,
Winter 2009-10,Borough,Staten Island, Staten Island,5,Sulfur Dioxide (SO2),0.9,1.5,1.2,,,
Winter 2010-11,Borough,Staten Island, Staten Island,5,Sulfur Dioxide (SO2),1.4,2.1,1.8,,,
Winter 2011-12,Borough,Staten Island, Staten Island,5,Sulfur Dioxide (SO2),0.6,1.1,0.8,,,
Winter 2012-13,Borough,Staten Island, Staten Island,5,Sulfur Dioxide (SO2),0.4,0.5,0.4,,,
Winter 2013-14,Borough,Staten Island, Staten Island,5,Sulfur Dioxide (SO2),0.7,1,0.8,,,
Winter 2014-15,Borough,Staten Island, Staten Island,5,Sulfur Dioxide (SO2),0.2,0.4,0.3,,,
Winter 2015-16,Borough,Staten Island, Staten Island,5,Sulfur Dioxide (SO2),0.1,0.1,0.1,,,
Winter 2014-15,Neighborhood (UHF 34),Queens, Bayside Little Neck-Fresh Meadows,404406,Sulfur Dioxide (SO2),0.5,0.6,0.6,,,
Winter 2015-16,Neighborhood (UHF 34),Queens, Bayside Little Neck-Fresh Meadows,404406,Sulfur Dioxide (SO2),0.2,0.3,0.3,,,
Winter 2014-15,Neighborhood (UHF 34),Brooklyn, Bedford Stuyvesant - Crown Heights,203,Sulfur Dioxide (SO2),0.5,0.5,0.5,,,
Winter 2015-16,Neighborhood (UHF 34),Brooklyn, Bedford Stuyvesant - Crown Heights,203,Sulfur Dioxide (SO2),0.2,0.2,0.2,,,
Winter 2014-15,Neighborhood (UHF 34),Brooklyn, Bensonhurst - Bay Ridge,209,Sulfur Dioxide (SO2),0.4,0.5,0.4,,,
Winter 2015-16,Neighborhood (UHF 34),Brooklyn, Bensonhurst - Bay Ridge,209,Sulfur Dioxide (SO2),0.2,0.2,0.2,,,
Winter 2014-15,Neighborhood (UHF 34),Brooklyn, Borough Park,206,Sulfur Dioxide (SO2),0.5,0.5,0.5,,,
Winter 2015-16,Neighborhood (UHF 34),Brooklyn, Borough Park,206,Sulfur Dioxide (SO2),0.2,0.2,0.2,,,
Winter 2014-15,Neighborhood (UHF 34),Brooklyn, Canarsie - Flatlands,208,Sulfur Dioxide (SO2),0.4,0.4,0.4,,,
Winter 2015-16,Neighborhood (UHF 34),Brooklyn, Canarsie - Flatlands,208,Sulfur Dioxide (SO2),0.2,0.2,0.2,,,
Winter 2014-15,Neighborhood (UHF 34),Manhattan, Central Harlem - Morningside Heights,302,Sulfur Dioxide (SO2),0.9,1.3,1.1,,,
Winter 2015-16,Neighborhood (UHF 34),Manhattan, Central Harlem - Morningside Heights,302,Sulfur Dioxide (SO2),0.3,0.4,0.4,,,
Winter 2014-15,Neighborhood (UHF 34),Manhattan, Chelsea-Village,306308,Sulfur Dioxide (SO2),0.7,1.4,1,,,
Winter 2015-16,Neighborhood (UHF 34),Manhattan, Chelsea-Village,306308,Sulfur Dioxide (SO2),0.2,0.5,0.3,,,
Winter 2014-15,Neighborhood (UHF 34),Brooklyn, Coney Island - Sheepshead Bay,210,Sulfur Dioxide (SO2),0.4,0.5,0.4,,,
Winter 2015-16,Neighborhood (UHF 34),Brooklyn, Coney Island - Sheepshead Bay,210,Sulfur Dioxide (SO2),0.2,0.2,0.2,,,
Winter 2014-15,Neighborhood (UHF 34),Brooklyn, Downtown - Heights - Slope,202,Sulfur Dioxide (SO2),0.4,0.5,0.5,,,
Winter 2015-16,Neighborhood (UHF 34),Brooklyn, Downtown - Heights - Slope,202,Sulfur Dioxide (SO2),0.2,0.2,0.2,,,
Winter 2014-15,Neighborhood (UHF 34),Brooklyn, East Flatbush - Flatbush,207,Sulfur Dioxide (SO2),0.4,0.6,0.5,,,
Winter 2015-16,Neighborhood (UHF 34),Brooklyn, East Flatbush - Flatbush,207,Sulfur Dioxide (SO2),0.2,0.2,0.2,,,
Winter 2014-15,Neighborhood (UHF 34),Manhattan, East Harlem,303,Sulfur Dioxide (SO2),0.8,1.2,1,,,
Winter 2015-16,Neighborhood (UHF 34),Manhattan, East Harlem,303,Sulfur Dioxide (SO2),0.2,0.4,0.3,,,
Winter 2014-15,Neighborhood (UHF 34),Brooklyn, East New York,204,Sulfur Dioxide (SO2),0.4,0.5,0.5,,,
Winter 2015-16,Neighborhood (UHF 34),Brooklyn, East New York,204,Sulfur Dioxide (SO2),0.2,0.2,0.2,,,
Winter 2014-15,Neighborhood (UHF 34),Queens, Flushing - Clearview,403,Sulfur Dioxide (SO2),0.6,0.9,0.7,,,
Winter 2015-16,Neighborhood (UHF 34),Queens, Flushing - Clearview,403,Sulfur Dioxide (SO2),0.2,0.3,0.3,,,
Winter 2014-15,Neighborhood (UHF 34),Bronx, Fordham - Bronx Pk,103,Sulfur Dioxide (SO2),1.1,2,1.5,,,
Winter 2015-16,Neighborhood (UHF 34),Bronx, Fordham - Bronx Pk,103,Sulfur Dioxide (SO2),0.3,0.6,0.5,,,
Winter 2014-15,Neighborhood (UHF 34),Brooklyn, Greenpoint,201,Sulfur Dioxide (SO2),0.5,0.6,0.6,,,
Winter 2015-16,Neighborhood (UHF 34),Brooklyn, Greenpoint,201,Sulfur Dioxide (SO2),0.2,0.2,0.2,,,
Winter 2014-15,Neighborhood (UHF 34),Queens, Jamaica,408,Sulfur Dioxide (SO2),0.4,0.5,0.4,,,
Winter 2015-16,Neighborhood (UHF 34),Queens, Jamaica,408,Sulfur Dioxide (SO2),0.2,0.3,0.3,,,
Winter 2014-15,Neighborhood (UHF 34),Bronx, Kingsbridge - Riverdale,101,Sulfur Dioxide (SO2),0.8,1.3,1,,,
Winter 2015-16,Neighborhood (UHF 34),Bronx, Kingsbridge - Riverdale,101,Sulfur Dioxide (SO2),0.2,0.4,0.3,,,
Winter 2014-15,Neighborhood (UHF 34),Queens, Long Island City - Astoria,401,Sulfur Dioxide (SO2),0.6,1,0.8,,,
Winter 2015-16,Neighborhood (UHF 34),Queens, Long Island City - Astoria,401,Sulfur Dioxide (SO2),0.2,0.3,0.2,,,
Winter 2014-15,Neighborhood (UHF 34),Bronx, Northeast Bronx,102,Sulfur Dioxide (SO2),1,1.3,1.1,,,
Winter 2015-16,Neighborhood (UHF 34),Bronx, Northeast Bronx,102,Sulfur Dioxide (SO2),0.3,0.3,0.3,,,
Winter 2014-15,Neighborhood (UHF 34),Staten Island, Northern SI,501502,Sulfur Dioxide (SO2),0.3,0.4,0.3,,,
Winter 2015-16,Neighborhood (UHF 34),Staten Island, Northern SI,501502,Sulfur Dioxide (SO2),0.1,0.1,0.1,,,
Winter 2014-15,Neighborhood (UHF 34),Bronx, Pelham - Throgs Neck,104,Sulfur Dioxide (SO2),0.8,1.2,1,,,
Winter 2015-16,Neighborhood (UHF 34),Bronx, Pelham - Throgs Neck,104,Sulfur Dioxide (SO2),0.2,0.3,0.3,,,
Winter 2014-15,Neighborhood (UHF 34),Queens, Ridgewood - Forest Hills,405,Sulfur Dioxide (SO2),0.5,0.7,0.6,,,
Winter 2015-16,Neighborhood (UHF 34),Queens, Ridgewood - Forest Hills,405,Sulfur Dioxide (SO2),0.2,0.3,0.2,,,
Winter 2014-15,Neighborhood (UHF 34),Queens, Rockaways,410,Sulfur Dioxide (SO2),0.3,0.3,0.3,,,
Winter 2015-16,Neighborhood (UHF 34),Queens, Rockaways,410,Sulfur Dioxide (SO2),0.2,0.2,0.2,,,
Winter 2014-15,Neighborhood (UHF 34),Bronx, South Bronx,105106107,Sulfur Dioxide (SO2),0.7,1.6,1.1,,,
Winter 2015-16,Neighborhood (UHF 34),Bronx, South Bronx,105106107,Sulfur Dioxide (SO2),0.2,0.5,0.3,,,
Winter 2014-15,Neighborhood (UHF 34),Queens, Southeast Queens,409,Sulfur Dioxide (SO2),0.3,0.5,0.4,,,
Winter 2015-16,Neighborhood (UHF 34),Queens, Southeast Queens,409,Sulfur Dioxide (SO2),0.2,0.3,0.3,,,
Winter 2014-15,Neighborhood (UHF 34),Staten Island, Southern SI,503504,Sulfur Dioxide (SO2),0.2,0.3,0.3,,,
Winter 2015-16,Neighborhood (UHF 34),Staten Island, Southern SI,503504,Sulfur Dioxide (SO2),0.1,0.1,0.1,,,
Winter 2014-15,Neighborhood (UHF 34),Queens, Southwest Queens,407,Sulfur Dioxide (SO2),0.4,0.5,0.5,,,
Winter 2015-16,Neighborhood (UHF 34),Queens, Southwest Queens,407,Sulfur Dioxide (SO2),0.2,0.3,0.2,,,
Winter 2014-15,Neighborhood (UHF 34),Brooklyn, Sunset Park,205,Sulfur Dioxide (SO2),0.4,0.5,0.4,,,
Winter 2015-16,Neighborhood (UHF 34),Brooklyn, Sunset Park,205,Sulfur Dioxide (SO2),0.2,0.2,0.2,,,
Winter 2014-15,Neighborhood (UHF 34),Manhattan, Union Square-Lower Manhattan,309310,Sulfur Dioxide (SO2),0.5,1.4,0.8,,,
Winter 2015-16,Neighborhood (UHF 34),Manhattan, Union Square-Lower Manhattan,309310,Sulfur Dioxide (SO2),0.2,0.5,0.3,,,
Winter 2014-15,Neighborhood (UHF 34),Manhattan, Upper East Side-Gramercy,305307,Sulfur Dioxide (SO2),1.1,1.8,1.4,,,
Winter 2015-16,Neighborhood (UHF 34),Manhattan, Upper East Side-Gramercy,305307,Sulfur Dioxide (SO2),0.3,0.6,0.4,,,
Winter 2014-15,Neighborhood (UHF 34),Manhattan, Upper West Side,304,Sulfur Dioxide (SO2),1.1,1.6,1.4,,,
Winter 2015-16,Neighborhood (UHF 34),Manhattan, Upper West Side,304,Sulfur Dioxide (SO2),0.4,0.5,0.4,,,
Winter 2014-15,Neighborhood (UHF 34),Manhattan, Washington Heights,301,Sulfur Dioxide (SO2),1.2,1.8,1.5,,,
Winter 2015-16,Neighborhood (UHF 34),Manhattan, Washington Heights,301,Sulfur Dioxide (SO2),0.4,0.6,0.5,,,
Winter 2014-15,Neighborhood (UHF 34),Queens, West Queens,402,Sulfur Dioxide (SO2),0.6,1,0.8,,,
Winter 2015-16,Neighborhood (UHF 34),Queens, West Queens,402,Sulfur Dioxide (SO2),0.2,0.3,0.3,,,
Winter 2014-15,Neighborhood (UHF 34),Brooklyn, Williamsburg - Bushwick,211,Sulfur Dioxide (SO2),0.6,0.6,0.6,,,
Winter 2015-16,Neighborhood (UHF 34),Brooklyn, Williamsburg - Bushwick,211,Sulfur Dioxide (SO2),0.2,0.2,0.2,,,
Winter 2014-15,Neighborhood (UHF 42),Queens, Bayside - Little Neck,404,Sulfur Dioxide (SO2),0.5,0.6,0.6,,,
Winter 2015-16,Neighborhood (UHF 42),Queens, Bayside - Little Neck,404,Sulfur Dioxide (SO2),0.3,0.3,0.3,,,
Winter 2014-15,Neighborhood (UHF 42),Brooklyn, Bedford Stuyvesant - Crown Heights,203,Sulfur Dioxide (SO2),0.5,0.5,0.5,,,
Winter 2015-16,Neighborhood (UHF 42),Brooklyn, Bedford Stuyvesant - Crown Heights,203,Sulfur Dioxide (SO2),0.2,0.2,0.2,,,
Winter 2014-15,Neighborhood (UHF 42),Brooklyn, Bensonhurst - Bay Ridge,209,Sulfur Dioxide (SO2),0.4,0.5,0.4,,,
Winter 2015-16,Neighborhood (UHF 42),Brooklyn, Bensonhurst - Bay Ridge,209,Sulfur Dioxide (SO2),0.2,0.2,0.2,,,
Winter 2014-15,Neighborhood (UHF 42),Brooklyn, Borough Park,206,Sulfur Dioxide (SO2),0.5,0.5,0.5,,,
Winter 2015-16,Neighborhood (UHF 42),Brooklyn, Borough Park,206,Sulfur Dioxide (SO2),0.2,0.2,0.2,,,
Winter 2014-15,Neighborhood (UHF 42),Brooklyn, Canarsie - Flatlands,208,Sulfur Dioxide (SO2),0.4,0.4,0.4,,,
Winter 2015-16,Neighborhood (UHF 42),Brooklyn, Canarsie - Flatlands,208,Sulfur Dioxide (SO2),0.2,0.2,0.2,,,
Winter 2014-15,Neighborhood (UHF 42),Manhattan, Central Harlem - Morningside Heights,302,Sulfur Dioxide (SO2),0.9,1.3,1.1,,,
Winter 2015-16,Neighborhood (UHF 42),Manhattan, Central Harlem - Morningside Heights,302,Sulfur Dioxide (SO2),0.3,0.4,0.4,,,
Winter 2014-15,Neighborhood (UHF 42),Manhattan, Chelsea - Clinton,306,Sulfur Dioxide (SO2),0.8,1.5,1.1,,,
Winter 2015-16,Neighborhood (UHF 42),Manhattan, Chelsea - Clinton,306,Sulfur Dioxide (SO2),0.2,0.5,0.4,,,
Winter 2014-15,Neighborhood (UHF 42),Brooklyn, Coney Island - Sheepshead Bay,210,Sulfur Dioxide (SO2),0.4,0.5,0.4,,,
Winter 2015-16,Neighborhood (UHF 42),Brooklyn, Coney Island - Sheepshead Bay,210,Sulfur Dioxide (SO2),0.2,0.2,0.2,,,
Winter 2014-15,Neighborhood (UHF 42),Bronx, Crotona -Tremont,105,Sulfur Dioxide (SO2),1,1.9,1.4,,,
Winter 2015-16,Neighborhood (UHF 42),Bronx, Crotona -Tremont,105,Sulfur Dioxide (SO2),0.3,0.6,0.4,,,
Winter 2014-15,Neighborhood (UHF 42),Brooklyn, Downtown - Heights - Slope,202,Sulfur Dioxide (SO2),0.4,0.5,0.5,,,
Winter 2015-16,Neighborhood (UHF 42),Brooklyn, Downtown - Heights - Slope,202,Sulfur Dioxide (SO2),0.2,0.2,0.2,,,
Winter 2014-15,Neighborhood (UHF 42),Brooklyn, East Flatbush - Flatbush,207,Sulfur Dioxide (SO2),0.4,0.6,0.5,,,
Winter 2015-16,Neighborhood (UHF 42),Brooklyn, East Flatbush - Flatbush,207,Sulfur Dioxide (SO2),0.2,0.2,0.2,,,
Winter 2014-15,Neighborhood (UHF 42),Manhattan, East Harlem,303,Sulfur Dioxide (SO2),0.8,1.2,1,,,
Winter 2015-16,Neighborhood (UHF 42),Manhattan, East Harlem,303,Sulfur Dioxide (SO2),0.2,0.4,0.3,,,
Winter 2014-15,Neighborhood (UHF 42),Brooklyn, East New York,204,Sulfur Dioxide (SO2),0.4,0.5,0.5,,,
Winter 2015-16,Neighborhood (UHF 42),Brooklyn, East New York,204,Sulfur Dioxide (SO2),0.2,0.2,0.2,,,
Winter 2014-15,Neighborhood (UHF 42),Queens, Flushing - Clearview,403,Sulfur Dioxide (SO2),0.6,0.9,0.7,,,
Winter 2015-16,Neighborhood (UHF 42),Queens, Flushing - Clearview,403,Sulfur Dioxide (SO2),0.2,0.3,0.3,,,
Winter 2014-15,Neighborhood (UHF 42),Bronx, Fordham - Bronx Pk,103,Sulfur Dioxide (SO2),1.1,2,1.5,,,
Winter 2015-16,Neighborhood (UHF 42),Bronx, Fordham - Bronx Pk,103,Sulfur Dioxide (SO2),0.3,0.6,0.5,,,
Winter 2014-15,Neighborhood (UHF 42),Queens, Fresh Meadows,406,Sulfur Dioxide (SO2),0.5,0.6,0.6,,,
Winter 2015-16,Neighborhood (UHF 42),Queens, Fresh Meadows,406,Sulfur Dioxide (SO2),0.2,0.3,0.3,,,
Winter 2014-15,Neighborhood (UHF 42),Manhattan, Gramercy Park - Murray Hill,307,Sulfur Dioxide (SO2),1.1,1.6,1.3,,,
Winter 2015-16,Neighborhood (UHF 42),Manhattan, Gramercy Park - Murray Hill,307,Sulfur Dioxide (SO2),0.3,0.5,0.4,,,
Winter 2014-15,Neighborhood (UHF 42),Brooklyn, Greenpoint,201,Sulfur Dioxide (SO2),0.5,0.6,0.6,,,
Winter 2015-16,Neighborhood (UHF 42),Brooklyn, Greenpoint,201,Sulfur Dioxide (SO2),0.2,0.2,0.2,,,
Winter 2014-15,Neighborhood (UHF 42),Manhattan, Greenwich Village - SoHo,308,Sulfur Dioxide (SO2),0.6,1.2,0.9,,,
Winter 2015-16,Neighborhood (UHF 42),Manhattan, Greenwich Village - SoHo,308,Sulfur Dioxide (SO2),0.2,0.4,0.3,,,
Winter 2014-15,Neighborhood (UHF 42),Bronx, High Bridge - Morrisania,106,Sulfur Dioxide (SO2),0.9,1.6,1.2,,,
Winter 2015-16,Neighborhood (UHF 42),Bronx, High Bridge - Morrisania,106,Sulfur Dioxide (SO2),0.3,0.5,0.4,,,
Winter 2014-15,Neighborhood (UHF 42),Bronx, Hunts Point - Mott Haven,107,Sulfur Dioxide (SO2),0.7,1,0.8,,,
Winter 2015-16,Neighborhood (UHF 42),Bronx, Hunts Point - Mott Haven,107,Sulfur Dioxide (SO2),0.2,0.3,0.3,,,
Winter 2014-15,Neighborhood (UHF 42),Queens, Jamaica,408,Sulfur Dioxide (SO2),0.4,0.5,0.4,,,
Winter 2015-16,Neighborhood (UHF 42),Queens, Jamaica,408,Sulfur Dioxide (SO2),0.2,0.3,0.3,,,
Winter 2014-15,Neighborhood (UHF 42),Bronx, Kingsbridge - Riverdale,101,Sulfur Dioxide (SO2),0.8,1.3,1,,,
Winter 2015-16,Neighborhood (UHF 42),Bronx, Kingsbridge - Riverdale,101,Sulfur Dioxide (SO2),0.2,0.4,0.3,,,
Winter 2014-15,Neighborhood (UHF 42),Queens, Long Island City - Astoria,401,Sulfur Dioxide (SO2),0.6,1,0.8,,,
Winter 2015-16,Neighborhood (UHF 42),Queens, Long Island City - Astoria,401,Sulfur Dioxide (SO2),0.2,0.3,0.2,,,
Winter 2014-15,Neighborhood (UHF 42),Manhattan, Lower Manhattan,310,Sulfur Dioxide (SO2),0.5,0.7,0.6,,,
Winter 2015-16,Neighborhood (UHF 42),Manhattan, Lower Manhattan,310,Sulfur Dioxide (SO2),0.2,0.2,0.2,,,
Winter 2014-15,Neighborhood (UHF 42),Bronx, Northeast Bronx,102,Sulfur Dioxide (SO2),1,1.3,1.1,,,
Winter 2015-16,Neighborhood (UHF 42),Bronx, Northeast Bronx,102,Sulfur Dioxide (SO2),0.3,0.3,0.3,,,
Winter 2014-15,Neighborhood (UHF 42),Bronx, Pelham - Throgs Neck,104,Sulfur Dioxide (SO2),0.8,1.2,1,,,
Winter 2015-16,Neighborhood (UHF 42),Bronx, Pelham - Throgs Neck,104,Sulfur Dioxide (SO2),0.2,0.3,0.3,,,
Winter 2014-15,Neighborhood (UHF 42),Staten Island, Port Richmond,501,Sulfur Dioxide (SO2),0.3,0.3,0.3,,,
Winter 2015-16,Neighborhood (UHF 42),Staten Island, Port Richmond,501,Sulfur Dioxide (SO2),0.1,0.1,0.1,,,
Winter 2014-15,Neighborhood (UHF 42),Queens, Ridgewood - Forest Hills,405,Sulfur Dioxide (SO2),0.5,0.7,0.6,,,
Winter 2015-16,Neighborhood (UHF 42),Queens, Ridgewood - Forest Hills,405,Sulfur Dioxide (SO2),0.2,0.3,0.2,,,
Winter 2014-15,Neighborhood (UHF 42),Queens, Rockaways,410,Sulfur Dioxide (SO2),0.3,0.3,0.3,,,
Winter 2015-16,Neighborhood (UHF 42),Queens, Rockaways,410,Sulfur Dioxide (SO2),0.2,0.2,0.2,,,
Winter 2014-15,Neighborhood (UHF 42),Staten Island, South Beach - Tottenville,504,Sulfur Dioxide (SO2),0.2,0.3,0.2,,,
Winter 2015-16,Neighborhood (UHF 42),Staten Island, South Beach - Tottenville,504,Sulfur Dioxide (SO2),0.1,0.1,0.1,,,
Winter 2014-15,Neighborhood (UHF 42),Queens, Southeast Queens,409,Sulfur Dioxide (SO2),0.3,0.5,0.4,,,
Winter 2015-16,Neighborhood (UHF 42),Queens, Southeast Queens,409,Sulfur Dioxide (SO2),0.2,0.3,0.3,,,
Winter 2014-15,Neighborhood (UHF 42),Queens, Southwest Queens,407,Sulfur Dioxide (SO2),0.4,0.5,0.5,,,
Winter 2015-16,Neighborhood (UHF 42),Queens, Southwest Queens,407,Sulfur Dioxide (SO2),0.2,0.3,0.2,,,
Winter 2014-15,Neighborhood (UHF 42),Staten Island, Stapleton - St. George,502,Sulfur Dioxide (SO2),0.3,0.4,0.4,,,
Winter 2015-16,Neighborhood (UHF 42),Staten Island, Stapleton - St. George,502,Sulfur Dioxide (SO2),0.1,0.1,0.1,,,
Winter 2014-15,Neighborhood (UHF 42),Brooklyn, Sunset Park,205,Sulfur Dioxide (SO2),0.4,0.5,0.4,,,
Winter 2015-16,Neighborhood (UHF 42),Brooklyn, Sunset Park,205,Sulfur Dioxide (SO2),0.2,0.2,0.2,,,
Winter 2014-15,Neighborhood (UHF 42),Manhattan, Union Square - Lower East Side,309,Sulfur Dioxide (SO2),0.7,1.5,1,,,
Winter 2015-16,Neighborhood (UHF 42),Manhattan, Union Square - Lower East Side,309,Sulfur Dioxide (SO2),0.2,0.5,0.3,,,
Winter 2014-15,Neighborhood (UHF 42),Manhattan, Upper East Side,305,Sulfur Dioxide (SO2),1,1.9,1.5,,,
Winter 2015-16,Neighborhood (UHF 42),Manhattan, Upper East Side,305,Sulfur Dioxide (SO2),0.3,0.6,0.5,,,
Winter 2014-15,Neighborhood (UHF 42),Manhattan, Upper West Side,304,Sulfur Dioxide (SO2),1.1,1.6,1.4,,,
Winter 2015-16,Neighborhood (UHF 42),Manhattan, Upper West Side,304,Sulfur Dioxide (SO2),0.4,0.5,0.4,,,
Winter 2014-15,Neighborhood (UHF 42),Manhattan, Washington Heights,301,Sulfur Dioxide (SO2),1.2,1.8,1.5,,,
Winter 2015-16,Neighborhood (UHF 42),Manhattan, Washington Heights,301,Sulfur Dioxide (SO2),0.4,0.6,0.5,,,
Winter 2014-15,Neighborhood (UHF 42),Queens, West Queens,402,Sulfur Dioxide (SO2),0.6,1,0.8,,,
Winter 2015-16,Neighborhood (UHF 42),Queens, West Queens,402,Sulfur Dioxide (SO2),0.2,0.3,0.3,,,
Winter 2014-15,Neighborhood (UHF 42),Brooklyn, Williamsburg - Bushwick,211,Sulfur Dioxide (SO2),0.6,0.6,0.6,,,
Winter 2015-16,Neighborhood (UHF 42),Brooklyn, Williamsburg - Bushwick,211,Sulfur Dioxide (SO2),0.2,0.2,0.2,,,
Winter 2014-15,Neighborhood (UHF 42),Staten Island, Willowbrook,503,Sulfur Dioxide (SO2),0.2,0.3,0.3,,,
Winter 2015-16,Neighborhood (UHF 42),Staten Island, Willowbrook,503,Sulfur Dioxide (SO2),0.1,0.1,0.1,,,
Winter 2008-09,Neighborhood (Community District),Brooklyn, Bay Ridge and Dyker Heights (CD10),310,Sulfur Dioxide (SO2),2.9,3.9,3.4,,,
Winter 2009-10,Neighborhood (Community District),Brooklyn, Bay Ridge and Dyker Heights (CD10),310,Sulfur Dioxide (SO2),1.8,2.4,2.1,,,
Winter 2010-11,Neighborhood (Community District),Brooklyn, Bay Ridge and Dyker Heights (CD10),310,Sulfur Dioxide (SO2),2.3,3.2,2.8,,,
Winter 2011-12,Neighborhood (Community District),Brooklyn, Bay Ridge and Dyker Heights (CD10),310,Sulfur Dioxide (SO2),1.1,1.5,1.3,,,
Winter 2012-13,Neighborhood (Community District),Brooklyn, Bay Ridge and Dyker Heights (CD10),310,Sulfur Dioxide (SO2),0.6,0.8,0.7,,,
Winter 2013-14,Neighborhood (Community District),Brooklyn, Bay Ridge and Dyker Heights (CD10),310,Sulfur Dioxide (SO2),0.9,1.1,1,,,
Winter 2014-15,Neighborhood (Community District),Brooklyn, Bay Ridge and Dyker Heights (CD10),310,Sulfur Dioxide (SO2),0.4,0.5,0.4,,,
Winter 2015-16,Neighborhood (Community District),Brooklyn, Bay Ridge and Dyker Heights (CD10),310,Sulfur Dioxide (SO2),0.2,0.2,0.2,,,
Winter 2008-09,Neighborhood (Community District),Queens, Bayside and Little Neck (CD11),411,Sulfur Dioxide (SO2),3.5,4,3.7,,,
Winter 2009-10,Neighborhood (Community District),Queens, Bayside and Little Neck (CD11),411,Sulfur Dioxide (SO2),2.2,2.7,2.4,,,
Winter 2010-11,Neighborhood (Community District),Queens, Bayside and Little Neck (CD11),411,Sulfur Dioxide (SO2),2.8,3.4,3.1,,,
Winter 2011-12,Neighborhood (Community District),Queens, Bayside and Little Neck (CD11),411,Sulfur Dioxide (SO2),1.5,1.7,1.6,,,
Winter 2012-13,Neighborhood (Community District),Queens, Bayside and Little Neck (CD11),411,Sulfur Dioxide (SO2),0.7,0.9,0.8,,,
Winter 2013-14,Neighborhood (Community District),Queens, Bayside and Little Neck (CD11),411,Sulfur Dioxide (SO2),1.4,1.7,1.5,,,
Winter 2014-15,Neighborhood (Community District),Queens, Bayside and Little Neck (CD11),411,Sulfur Dioxide (SO2),0.5,0.7,0.6,,,
Winter 2015-16,Neighborhood (Community District),Queens, Bayside and Little Neck (CD11),411,Sulfur Dioxide (SO2),0.3,0.3,0.3,,,
Winter 2008-09,Neighborhood (Community District),Brooklyn, Bedford Stuyvesant (CD3),303,Sulfur Dioxide (SO2),4.5,4.9,4.7,,,
Winter 2009-10,Neighborhood (Community District),Brooklyn, Bedford Stuyvesant (CD3),303,Sulfur Dioxide (SO2),3.1,3.3,3.2,,,
Winter 2010-11,Neighborhood (Community District),Brooklyn, Bedford Stuyvesant (CD3),303,Sulfur Dioxide (SO2),3.9,4.2,4,,,
Winter 2011-12,Neighborhood (Community District),Brooklyn, Bedford Stuyvesant (CD3),303,Sulfur Dioxide (SO2),1.9,2.1,2,,,
Winter 2012-13,Neighborhood (Community District),Brooklyn, Bedford Stuyvesant (CD3),303,Sulfur Dioxide (SO2),1.1,1.2,1.2,,,
Winter 2013-14,Neighborhood (Community District),Brooklyn, Bedford Stuyvesant (CD3),303,Sulfur Dioxide (SO2),1.3,1.4,1.4,,,
Winter 2014-15,Neighborhood (Community District),Brooklyn, Bedford Stuyvesant (CD3),303,Sulfur Dioxide (SO2),0.5,0.6,0.6,,,
Winter 2015-16,Neighborhood (Community District),Brooklyn, Bedford Stuyvesant (CD3),303,Sulfur Dioxide (SO2),0.2,0.2,0.2,,,
Winter 2008-09,Neighborhood (Community District),Bronx, Belmont and East Tremont (CD6),206,Sulfur Dioxide (SO2),6.5,11.3,8.2,,,
Winter 2009-10,Neighborhood (Community District),Bronx, Belmont and East Tremont (CD6),206,Sulfur Dioxide (SO2),4.2,7.3,5.3,,,
Winter 2010-11,Neighborhood (Community District),Bronx, Belmont and East Tremont (CD6),206,Sulfur Dioxide (SO2),5.4,9.3,6.8,,,
Winter 2011-12,Neighborhood (Community District),Bronx, Belmont and East Tremont (CD6),206,Sulfur Dioxide (SO2),3.3,5.9,4.3,,,
Winter 2012-13,Neighborhood (Community District),Bronx, Belmont and East Tremont (CD6),206,Sulfur Dioxide (SO2),2.1,3.9,2.8,,,
Winter 2013-14,Neighborhood (Community District),Bronx, Belmont and East Tremont (CD6),206,Sulfur Dioxide (SO2),2,3.4,2.5,,,
Winter 2014-15,Neighborhood (Community District),Bronx, Belmont and East Tremont (CD6),206,Sulfur Dioxide (SO2),1,1.7,1.3,,,
Winter 2015-16,Neighborhood (Community District),Bronx, Belmont and East Tremont (CD6),206,Sulfur Dioxide (SO2),0.3,0.5,0.4,,,
Winter 2008-09,Neighborhood (Community District),Brooklyn, Bensonhurst (CD11),311,Sulfur Dioxide (SO2),3.1,4,3.6,,,
Winter 2009-10,Neighborhood (Community District),Brooklyn, Bensonhurst (CD11),311,Sulfur Dioxide (SO2),2,2.6,2.4,,,
Winter 2010-11,Neighborhood (Community District),Brooklyn, Bensonhurst (CD11),311,Sulfur Dioxide (SO2),2.5,3.2,2.9,,,
Winter 2011-12,Neighborhood (Community District),Brooklyn, Bensonhurst (CD11),311,Sulfur Dioxide (SO2),1.1,1.5,1.3,,,
Winter 2012-13,Neighborhood (Community District),Brooklyn, Bensonhurst (CD11),311,Sulfur Dioxide (SO2),0.6,0.8,0.8,,,
Winter 2013-14,Neighborhood (Community District),Brooklyn, Bensonhurst (CD11),311,Sulfur Dioxide (SO2),0.9,1.1,1,,,
Winter 2014-15,Neighborhood (Community District),Brooklyn, Bensonhurst (CD11),311,Sulfur Dioxide (SO2),0.4,0.5,0.5,,,
Winter 2015-16,Neighborhood (Community District),Brooklyn, Bensonhurst (CD11),311,Sulfur Dioxide (SO2),0.2,0.2,0.2,,,
Winter 2008-09,Neighborhood (Community District),Brooklyn, Borough Park (CD12),312,Sulfur Dioxide (SO2),3.8,4.9,4.4,,,
Winter 2009-10,Neighborhood (Community District),Brooklyn, Borough Park (CD12),312,Sulfur Dioxide (SO2),2.5,3.2,2.8,,,
Winter 2010-11,Neighborhood (Community District),Brooklyn, Borough Park (CD12),312,Sulfur Dioxide (SO2),3.1,4,3.6,,,
Winter 2011-12,Neighborhood (Community District),Brooklyn, Borough Park (CD12),312,Sulfur Dioxide (SO2),1.4,1.9,1.7,,,
Winter 2012-13,Neighborhood (Community District),Brooklyn, Borough Park (CD12),312,Sulfur Dioxide (SO2),0.8,1,0.9,,,
Winter 2013-14,Neighborhood (Community District),Brooklyn, Borough Park (CD12),312,Sulfur Dioxide (SO2),1,1.2,1.1,,,
Winter 2014-15,Neighborhood (Community District),Brooklyn, Borough Park (CD12),312,Sulfur Dioxide (SO2),0.5,0.5,0.5,,,
Winter 2015-16,Neighborhood (Community District),Brooklyn, Borough Park (CD12),312,Sulfur Dioxide (SO2),0.2,0.2,0.2,,,
Winter 2008-09,Neighborhood (Community District),Brooklyn, Brownsville (CD16),316,Sulfur Dioxide (SO2),4,4.6,4.3,,,
Winter 2009-10,Neighborhood (Community District),Brooklyn, Brownsville (CD16),316,Sulfur Dioxide (SO2),2.9,3.3,3.1,,,
Winter 2010-11,Neighborhood (Community District),Brooklyn, Brownsville (CD16),316,Sulfur Dioxide (SO2),3.4,4,3.7,,,
Winter 2011-12,Neighborhood (Community District),Brooklyn, Brownsville (CD16),316,Sulfur Dioxide (SO2),1.6,1.9,1.7,,,
Winter 2012-13,Neighborhood (Community District),Brooklyn, Brownsville (CD16),316,Sulfur Dioxide (SO2),1,1.1,1.1,,,
Winter 2013-14,Neighborhood (Community District),Brooklyn, Brownsville (CD16),316,Sulfur Dioxide (SO2),1.1,1.3,1.2,,,
Winter 2014-15,Neighborhood (Community District),Brooklyn, Brownsville (CD16),316,Sulfur Dioxide (SO2),0.5,0.5,0.5,,,
Winter 2015-16,Neighborhood (Community District),Brooklyn, Brownsville (CD16),316,Sulfur Dioxide (SO2),0.2,0.2,0.2,,,
Winter 2008-09,Neighborhood (Community District),Brooklyn, Bushwick (CD4),304,Sulfur Dioxide (SO2),4,5.2,4.7,,,
Winter 2009-10,Neighborhood (Community District),Brooklyn, Bushwick (CD4),304,Sulfur Dioxide (SO2),2.9,3.7,3.3,,,
Winter 2010-11,Neighborhood (Community District),Brooklyn, Bushwick (CD4),304,Sulfur Dioxide (SO2),3.5,4.5,4.1,,,
Winter 2011-12,Neighborhood (Community District),Brooklyn, Bushwick (CD4),304,Sulfur Dioxide (SO2),1.6,2.2,2,,,
Winter 2012-13,Neighborhood (Community District),Brooklyn, Bushwick (CD4),304,Sulfur Dioxide (SO2),1.1,1.4,1.3,,,
Winter 2013-14,Neighborhood (Community District),Brooklyn, Bushwick (CD4),304,Sulfur Dioxide (SO2),1.2,1.6,1.5,,,
Winter 2014-15,Neighborhood (Community District),Brooklyn, Bushwick (CD4),304,Sulfur Dioxide (SO2),0.5,0.6,0.6,,,
Winter 2015-16,Neighborhood (Community District),Brooklyn, Bushwick (CD4),304,Sulfur Dioxide (SO2),0.2,0.2,0.2,,,
Winter 2008-09,Neighborhood (Community District),Manhattan, Central Harlem (CD10),110,Sulfur Dioxide (SO2),6.9,9.9,8.2,,,
Winter 2009-10,Neighborhood (Community District),Manhattan, Central Harlem (CD10),110,Sulfur Dioxide (SO2),4.7,6.7,5.6,,,
Winter 2010-11,Neighborhood (Community District),Manhattan, Central Harlem (CD10),110,Sulfur Dioxide (SO2),6,8.4,7,,,
Winter 2011-12,Neighborhood (Community District),Manhattan, Central Harlem (CD10),110,Sulfur Dioxide (SO2),3.7,5.3,4.4,,,
Winter 2012-13,Neighborhood (Community District),Manhattan, Central Harlem (CD10),110,Sulfur Dioxide (SO2),2.6,3.8,3.1,,,
Winter 2013-14,Neighborhood (Community District),Manhattan, Central Harlem (CD10),110,Sulfur Dioxide (SO2),2.3,3.2,2.7,,,
Winter 2014-15,Neighborhood (Community District),Manhattan, Central Harlem (CD10),110,Sulfur Dioxide (SO2),1,1.3,1.1,,,
Winter 2015-16,Neighborhood (Community District),Manhattan, Central Harlem (CD10),110,Sulfur Dioxide (SO2),0.3,0.4,0.4,,,
Winter 2008-09,Neighborhood (Community District),Manhattan, Clinton and Chelsea (CD4),104,Sulfur Dioxide (SO2),5,10.1,7.3,,,
Winter 2009-10,Neighborhood (Community District),Manhattan, Clinton and Chelsea (CD4),104,Sulfur Dioxide (SO2),3.3,6.7,4.9,,,
Winter 2010-11,Neighborhood (Community District),Manhattan, Clinton and Chelsea (CD4),104,Sulfur Dioxide (SO2),4.2,8.5,6.2,,,
Winter 2011-12,Neighborhood (Community District),Manhattan, Clinton and Chelsea (CD4),104,Sulfur Dioxide (SO2),2.6,5.1,3.8,,,
Winter 2012-13,Neighborhood (Community District),Manhattan, Clinton and Chelsea (CD4),104,Sulfur Dioxide (SO2),1.5,3,2.3,,,
Winter 2013-14,Neighborhood (Community District),Manhattan, Clinton and Chelsea (CD4),104,Sulfur Dioxide (SO2),1.6,3.3,2.4,,,
Winter 2014-15,Neighborhood (Community District),Manhattan, Clinton and Chelsea (CD4),104,Sulfur Dioxide (SO2),0.7,1.3,1,,,
Winter 2015-16,Neighborhood (Community District),Manhattan, Clinton and Chelsea (CD4),104,Sulfur Dioxide (SO2),0.2,0.4,0.3,,,
Winter 2008-09,Neighborhood (Community District),Brooklyn, Coney Island (CD13),313,Sulfur Dioxide (SO2),2.6,3.5,2.9,,,
Winter 2009-10,Neighborhood (Community District),Brooklyn, Coney Island (CD13),313,Sulfur Dioxide (SO2),1.7,2.4,2,,,
Winter 2010-11,Neighborhood (Community District),Brooklyn, Coney Island (CD13),313,Sulfur Dioxide (SO2),2.1,2.8,2.4,,,
Winter 2011-12,Neighborhood (Community District),Brooklyn, Coney Island (CD13),313,Sulfur Dioxide (SO2),0.9,1.2,1,,,
Winter 2012-13,Neighborhood (Community District),Brooklyn, Coney Island (CD13),313,Sulfur Dioxide (SO2),0.6,0.7,0.6,,,
Winter 2013-14,Neighborhood (Community District),Brooklyn, Coney Island (CD13),313,Sulfur Dioxide (SO2),0.8,0.9,0.8,,,
Winter 2014-15,Neighborhood (Community District),Brooklyn, Coney Island (CD13),313,Sulfur Dioxide (SO2),0.4,0.5,0.4,,,
Winter 2015-16,Neighborhood (Community District),Brooklyn, Coney Island (CD13),313,Sulfur Dioxide (SO2),0.2,0.2,0.2,,,
Winter 2008-09,Neighborhood (Community District),Brooklyn, Crown Heights and Prospect Heights (CD8),308,Sulfur Dioxide (SO2),4.6,5,4.8,,,
Winter 2009-10,Neighborhood (Community District),Brooklyn, Crown Heights and Prospect Heights (CD8),308,Sulfur Dioxide (SO2),3,3.4,3.2,,,
Winter 2010-11,Neighborhood (Community District),Brooklyn, Crown Heights and Prospect Heights (CD8),308,Sulfur Dioxide (SO2),3.8,4.2,4,,,
Winter 2011-12,Neighborhood (Community District),Brooklyn, Crown Heights and Prospect Heights (CD8),308,Sulfur Dioxide (SO2),1.9,2,2,,,
Winter 2012-13,Neighborhood (Community District),Brooklyn, Crown Heights and Prospect Heights (CD8),308,Sulfur Dioxide (SO2),1,1.2,1.1,,,
Winter 2013-14,Neighborhood (Community District),Brooklyn, Crown Heights and Prospect Heights (CD8),308,Sulfur Dioxide (SO2),1.2,1.3,1.3,,,
Winter 2014-15,Neighborhood (Community District),Brooklyn, Crown Heights and Prospect Heights (CD8),308,Sulfur Dioxide (SO2),0.5,0.5,0.5,,,
Winter 2015-16,Neighborhood (Community District),Brooklyn, Crown Heights and Prospect Heights (CD8),308,Sulfur Dioxide (SO2),0.2,0.2,0.2,,,
Winter 2008-09,Neighborhood (Community District),Brooklyn, East Flatbush (CD17),317,Sulfur Dioxide (SO2),3.7,5.2,4.4,,,
Winter 2009-10,Neighborhood (Community District),Brooklyn, East Flatbush (CD17),317,Sulfur Dioxide (SO2),2.6,3.5,3,,,
Winter 2010-11,Neighborhood (Community District),Brooklyn, East Flatbush (CD17),317,Sulfur Dioxide (SO2),3.1,4.3,3.6,,,
Winter 2011-12,Neighborhood (Community District),Brooklyn, East Flatbush (CD17),317,Sulfur Dioxide (SO2),1.4,2,1.7,,,
Winter 2012-13,Neighborhood (Community District),Brooklyn, East Flatbush (CD17),317,Sulfur Dioxide (SO2),0.9,1.1,1,,,
Winter 2013-14,Neighborhood (Community District),Brooklyn, East Flatbush (CD17),317,Sulfur Dioxide (SO2),1,1.3,1.1,,,
Winter 2014-15,Neighborhood (Community District),Brooklyn, East Flatbush (CD17),317,Sulfur Dioxide (SO2),0.4,0.5,0.5,,,
Winter 2015-16,Neighborhood (Community District),Brooklyn, East Flatbush (CD17),317,Sulfur Dioxide (SO2),0.2,0.2,0.2,,,
Winter 2008-09,Neighborhood (Community District),Manhattan, East Harlem (CD11),111,Sulfur Dioxide (SO2),5.5,9.5,7,,,
Winter 2009-10,Neighborhood (Community District),Manhattan, East Harlem (CD11),111,Sulfur Dioxide (SO2),3.8,6.6,4.8,,,
Winter 2010-11,Neighborhood (Community District),Manhattan, East Harlem (CD11),111,Sulfur Dioxide (SO2),4.7,8.2,6,,,
Winter 2011-12,Neighborhood (Community District),Manhattan, East Harlem (CD11),111,Sulfur Dioxide (SO2),2.9,5,3.7,,,
Winter 2012-13,Neighborhood (Community District),Manhattan, East Harlem (CD11),111,Sulfur Dioxide (SO2),2,3.4,2.5,,,
Winter 2013-14,Neighborhood (Community District),Manhattan, East Harlem (CD11),111,Sulfur Dioxide (SO2),1.9,3,2.4,,,
Winter 2014-15,Neighborhood (Community District),Manhattan, East Harlem (CD11),111,Sulfur Dioxide (SO2),0.8,1.2,1,,,
Winter 2015-16,Neighborhood (Community District),Manhattan, East Harlem (CD11),111,Sulfur Dioxide (SO2),0.3,0.4,0.3,,,
Winter 2008-09,Neighborhood (Community District),Brooklyn, East New York and Starrett City (CD5),305,Sulfur Dioxide (SO2),3.2,4.2,3.8,,,
Winter 2009-10,Neighborhood (Community District),Brooklyn, East New York and Starrett City (CD5),305,Sulfur Dioxide (SO2),2.4,3.1,2.8,,,
Winter 2010-11,Neighborhood (Community District),Brooklyn, East New York and Starrett City (CD5),305,Sulfur Dioxide (SO2),2.7,3.7,3.3,,,
Winter 2011-12,Neighborhood (Community District),Brooklyn, East New York and Starrett City (CD5),305,Sulfur Dioxide (SO2),1.3,1.7,1.5,,,
Winter 2012-13,Neighborhood (Community District),Brooklyn, East New York and Starrett City (CD5),305,Sulfur Dioxide (SO2),0.8,1.1,1,,,
Winter 2013-14,Neighborhood (Community District),Brooklyn, East New York and Starrett City (CD5),305,Sulfur Dioxide (SO2),0.9,1.3,1.1,,,
Winter 2014-15,Neighborhood (Community District),Brooklyn, East New York and Starrett City (CD5),305,Sulfur Dioxide (SO2),0.4,0.5,0.5,,,
Winter 2015-16,Neighborhood (Community District),Brooklyn, East New York and Starrett City (CD5),305,Sulfur Dioxide (SO2),0.2,0.2,0.2,,,
Winter 2008-09,Neighborhood (Community District),Queens, Elmhurst and Corona (CD4),404,Sulfur Dioxide (SO2),4.9,8.1,6.3,,,
Winter 2009-10,Neighborhood (Community District),Queens, Elmhurst and Corona (CD4),404,Sulfur Dioxide (SO2),3.5,5.8,4.5,,,
Winter 2010-11,Neighborhood (Community District),Queens, Elmhurst and Corona (CD4),404,Sulfur Dioxide (SO2),4.4,7.2,5.6,,,
Winter 2011-12,Neighborhood (Community District),Queens, Elmhurst and Corona (CD4),404,Sulfur Dioxide (SO2),2.2,3.6,2.8,,,
Winter 2012-13,Neighborhood (Community District),Queens, Elmhurst and Corona (CD4),404,Sulfur Dioxide (SO2),1.4,2.3,1.8,,,
Winter 2013-14,Neighborhood (Community District),Queens, Elmhurst and Corona (CD4),404,Sulfur Dioxide (SO2),1.9,2.9,2.4,,,
Winter 2014-15,Neighborhood (Community District),Queens, Elmhurst and Corona (CD4),404,Sulfur Dioxide (SO2),0.7,1.1,0.9,,,
Winter 2015-16,Neighborhood (Community District),Queens, Elmhurst and Corona (CD4),404,Sulfur Dioxide (SO2),0.3,0.4,0.3,,,
Winter 2008-09,Neighborhood (Community District),Manhattan, Financial District (CD1),101,Sulfur Dioxide (SO2),3.8,6,4.8,,,
Winter 2009-10,Neighborhood (Community District),Manhattan, Financial District (CD1),101,Sulfur Dioxide (SO2),2.4,3.9,3,,,
Winter 2010-11,Neighborhood (Community District),Manhattan, Financial District (CD1),101,Sulfur Dioxide (SO2),3.1,5,4,,,
Winter 2011-12,Neighborhood (Community District),Manhattan, Financial District (CD1),101,Sulfur Dioxide (SO2),1.7,2.9,2.3,,,
Winter 2012-13,Neighborhood (Community District),Manhattan, Financial District (CD1),101,Sulfur Dioxide (SO2),0.9,1.5,1.2,,,
Winter 2013-14,Neighborhood (Community District),Manhattan, Financial District (CD1),101,Sulfur Dioxide (SO2),1.1,1.8,1.4,,,
Winter 2014-15,Neighborhood (Community District),Manhattan, Financial District (CD1),101,Sulfur Dioxide (SO2),0.5,0.7,0.6,,,
Winter 2015-16,Neighborhood (Community District),Manhattan, Financial District (CD1),101,Sulfur Dioxide (SO2),0.2,0.3,0.2,,,
Winter 2008-09,Neighborhood (Community District),Brooklyn, Flatbush and Midwood (CD14),314,Sulfur Dioxide (SO2),4,5.7,4.7,,,
Winter 2009-10,Neighborhood (Community District),Brooklyn, Flatbush and Midwood (CD14),314,Sulfur Dioxide (SO2),2.7,3.8,3.1,,,
Winter 2010-11,Neighborhood (Community District),Brooklyn, Flatbush and Midwood (CD14),314,Sulfur Dioxide (SO2),3.2,4.7,3.8,,,
Winter 2011-12,Neighborhood (Community District),Brooklyn, Flatbush and Midwood (CD14),314,Sulfur Dioxide (SO2),1.5,2.2,1.8,,,
Winter 2012-13,Neighborhood (Community District),Brooklyn, Flatbush and Midwood (CD14),314,Sulfur Dioxide (SO2),0.9,1.1,1,,,
Winter 2013-14,Neighborhood (Community District),Brooklyn, Flatbush and Midwood (CD14),314,Sulfur Dioxide (SO2),1,1.3,1.1,,,
Winter 2014-15,Neighborhood (Community District),Brooklyn, Flatbush and Midwood (CD14),314,Sulfur Dioxide (SO2),0.5,0.6,0.5,,,
Winter 2015-16,Neighborhood (Community District),Brooklyn, Flatbush and Midwood (CD14),314,Sulfur Dioxide (SO2),0.2,0.2,0.2,,,
Winter 2008-09,Neighborhood (Community District),Brooklyn, Flatlands and Canarsie (CD18),318,Sulfur Dioxide (SO2),2.6,3.6,3.2,,,
Winter 2009-10,Neighborhood (Community District),Brooklyn, Flatlands and Canarsie (CD18),318,Sulfur Dioxide (SO2),1.9,2.6,2.3,,,
Winter 2010-11,Neighborhood (Community District),Brooklyn, Flatlands and Canarsie (CD18),318,Sulfur Dioxide (SO2),2.1,3,2.7,,,
Winter 2011-12,Neighborhood (Community District),Brooklyn, Flatlands and Canarsie (CD18),318,Sulfur Dioxide (SO2),1,1.4,1.2,,,
Winter 2012-13,Neighborhood (Community District),Brooklyn, Flatlands and Canarsie (CD18),318,Sulfur Dioxide (SO2),0.6,0.9,0.8,,,
Winter 2013-14,Neighborhood (Community District),Brooklyn, Flatlands and Canarsie (CD18),318,Sulfur Dioxide (SO2),0.7,1,0.9,,,
Winter 2014-15,Neighborhood (Community District),Brooklyn, Flatlands and Canarsie (CD18),318,Sulfur Dioxide (SO2),0.4,0.4,0.4,,,
Winter 2015-16,Neighborhood (Community District),Brooklyn, Flatlands and Canarsie (CD18),318,Sulfur Dioxide (SO2),0.2,0.2,0.2,,,
Winter 2008-09,Neighborhood (Community District),Queens, Flushing and Whitestone (CD7),407,Sulfur Dioxide (SO2),3.9,5.8,4.5,,,
Winter 2009-10,Neighborhood (Community District),Queens, Flushing and Whitestone (CD7),407,Sulfur Dioxide (SO2),2.6,4,3,,,
Winter 2010-11,Neighborhood (Community District),Queens, Flushing and Whitestone (CD7),407,Sulfur Dioxide (SO2),3.3,5.1,3.9,,,
Winter 2011-12,Neighborhood (Community District),Queens, Flushing and Whitestone (CD7),407,Sulfur Dioxide (SO2),1.7,2.5,2,,,
Winter 2012-13,Neighborhood (Community District),Queens, Flushing and Whitestone (CD7),407,Sulfur Dioxide (SO2),1,1.5,1.2,,,
Winter 2013-14,Neighborhood (Community District),Queens, Flushing and Whitestone (CD7),407,Sulfur Dioxide (SO2),1.6,2.3,1.9,,,
Winter 2014-15,Neighborhood (Community District),Queens, Flushing and Whitestone (CD7),407,Sulfur Dioxide (SO2),0.6,0.9,0.7,,,
Winter 2015-16,Neighborhood (Community District),Queens, Flushing and Whitestone (CD7),407,Sulfur Dioxide (SO2),0.2,0.3,0.3,,,
Winter 2008-09,Neighborhood (Community District),Bronx, Fordham and University Heights (CD5),205,Sulfur Dioxide (SO2),10.9,14.9,12.7,,,
Winter 2009-10,Neighborhood (Community District),Bronx, Fordham and University Heights (CD5),205,Sulfur Dioxide (SO2),7.1,9.6,8.2,,,
Winter 2010-11,Neighborhood (Community District),Bronx, Fordham and University Heights (CD5),205,Sulfur Dioxide (SO2),9.1,12.3,10.5,,,
Winter 2011-12,Neighborhood (Community District),Bronx, Fordham and University Heights (CD5),205,Sulfur Dioxide (SO2),5.9,8,6.8,,,
Winter 2012-13,Neighborhood (Community District),Bronx, Fordham and University Heights (CD5),205,Sulfur Dioxide (SO2),4,5.2,4.5,,,
Winter 2013-14,Neighborhood (Community District),Bronx, Fordham and University Heights (CD5),205,Sulfur Dioxide (SO2),3.2,4.4,3.8,,,
Winter 2014-15,Neighborhood (Community District),Bronx, Fordham and University Heights (CD5),205,Sulfur Dioxide (SO2),1.4,2.1,1.8,,,
Winter 2015-16,Neighborhood (Community District),Bronx, Fordham and University Heights (CD5),205,Sulfur Dioxide (SO2),0.5,0.7,0.6,,,
Winter 2008-09,Neighborhood (Community District),Brooklyn, Fort Greene and Brooklyn Heights (CD2),302,Sulfur Dioxide (SO2),4,4.7,4.4,,,
Winter 2009-10,Neighborhood (Community District),Brooklyn, Fort Greene and Brooklyn Heights (CD2),302,Sulfur Dioxide (SO2),2.6,3.1,2.9,,,
Winter 2010-11,Neighborhood (Community District),Brooklyn, Fort Greene and Brooklyn Heights (CD2),302,Sulfur Dioxide (SO2),3.4,3.9,3.7,,,
Winter 2011-12,Neighborhood (Community District),Brooklyn, Fort Greene and Brooklyn Heights (CD2),302,Sulfur Dioxide (SO2),1.8,2,1.9,,,
Winter 2012-13,Neighborhood (Community District),Brooklyn, Fort Greene and Brooklyn Heights (CD2),302,Sulfur Dioxide (SO2),0.9,1.1,1,,,
Winter 2013-14,Neighborhood (Community District),Brooklyn, Fort Greene and Brooklyn Heights (CD2),302,Sulfur Dioxide (SO2),1.2,1.3,1.2,,,
Winter 2014-15,Neighborhood (Community District),Brooklyn, Fort Greene and Brooklyn Heights (CD2),302,Sulfur Dioxide (SO2),0.5,0.5,0.5,,,
Winter 2015-16,Neighborhood (Community District),Brooklyn, Fort Greene and Brooklyn Heights (CD2),302,Sulfur Dioxide (SO2),0.2,0.2,0.2,,,
Winter 2008-09,Neighborhood (Community District),Brooklyn, Greenpoint and Williamsburg (CD1),301,Sulfur Dioxide (SO2),3.8,5,4.3,,,
Winter 2009-10,Neighborhood (Community District),Brooklyn, Greenpoint and Williamsburg (CD1),301,Sulfur Dioxide (SO2),2.7,3.4,3,,,
Winter 2010-11,Neighborhood (Community District),Brooklyn, Greenpoint and Williamsburg (CD1),301,Sulfur Dioxide (SO2),3.3,4.3,3.7,,,
Winter 2011-12,Neighborhood (Community District),Brooklyn, Greenpoint and Williamsburg (CD1),301,Sulfur Dioxide (SO2),1.7,2.2,2,,,
Winter 2012-13,Neighborhood (Community District),Brooklyn, Greenpoint and Williamsburg (CD1),301,Sulfur Dioxide (SO2),1.1,1.3,1.2,,,
Winter 2013-14,Neighborhood (Community District),Brooklyn, Greenpoint and Williamsburg (CD1),301,Sulfur Dioxide (SO2),1.3,1.5,1.4,,,
Winter 2014-15,Neighborhood (Community District),Brooklyn, Greenpoint and Williamsburg (CD1),301,Sulfur Dioxide (SO2),0.5,0.6,0.6,,,
Winter 2015-16,Neighborhood (Community District),Brooklyn, Greenpoint and Williamsburg (CD1),301,Sulfur Dioxide (SO2),0.2,0.2,0.2,,,
Winter 2008-09,Neighborhood (Community District),Manhattan, Greenwich Village and Soho (CD2),102,Sulfur Dioxide (SO2),6,11.9,8.7,,,
Winter 2009-10,Neighborhood (Community District),Manhattan, Greenwich Village and Soho (CD2),102,Sulfur Dioxide (SO2),3.9,7.9,5.7,,,
Winter 2010-11,Neighborhood (Community District),Manhattan, Greenwich Village and Soho (CD2),102,Sulfur Dioxide (SO2),5,10,7.3,,,
Winter 2011-12,Neighborhood (Community District),Manhattan, Greenwich Village and Soho (CD2),102,Sulfur Dioxide (SO2),3,5.9,4.3,,,
Winter 2012-13,Neighborhood (Community District),Manhattan, Greenwich Village and Soho (CD2),102,Sulfur Dioxide (SO2),1.6,3.3,2.4,,,
Winter 2013-14,Neighborhood (Community District),Manhattan, Greenwich Village and Soho (CD2),102,Sulfur Dioxide (SO2),1.9,3.8,2.7,,,
Winter 2014-15,Neighborhood (Community District),Manhattan, Greenwich Village and Soho (CD2),102,Sulfur Dioxide (SO2),0.8,1.5,1.1,,,
Winter 2015-16,Neighborhood (Community District),Manhattan, Greenwich Village and Soho (CD2),102,Sulfur Dioxide (SO2),0.3,0.5,0.4,,,
Winter 2008-09,Neighborhood (Community District),Bronx, Highbridge and Concourse (CD4),204,Sulfur Dioxide (SO2),7.5,12.6,10.4,,,
Winter 2009-10,Neighborhood (Community District),Bronx, Highbridge and Concourse (CD4),204,Sulfur Dioxide (SO2),5.1,8.3,6.9,,,
Winter 2010-11,Neighborhood (Community District),Bronx, Highbridge and Concourse (CD4),204,Sulfur Dioxide (SO2),6.4,10.6,8.8,,,
Winter 2011-12,Neighborhood (Community District),Bronx, Highbridge and Concourse (CD4),204,Sulfur Dioxide (SO2),4,6.7,5.5,,,
Winter 2012-13,Neighborhood (Community District),Bronx, Highbridge and Concourse (CD4),204,Sulfur Dioxide (SO2),2.8,4.7,3.9,,,
Winter 2013-14,Neighborhood (Community District),Bronx, Highbridge and Concourse (CD4),204,Sulfur Dioxide (SO2),2.3,3.8,3.2,,,
Winter 2014-15,Neighborhood (Community District),Bronx, Highbridge and Concourse (CD4),204,Sulfur Dioxide (SO2),1,1.6,1.4,,,
Winter 2015-16,Neighborhood (Community District),Bronx, Highbridge and Concourse (CD4),204,Sulfur Dioxide (SO2),0.3,0.5,0.5,,,
Winter 2008-09,Neighborhood (Community District),Queens, Hillcrest and Fresh Meadows (CD8),408,Sulfur Dioxide (SO2),3.5,4.5,4,,,
Winter 2009-10,Neighborhood (Community District),Queens, Hillcrest and Fresh Meadows (CD8),408,Sulfur Dioxide (SO2),2.4,3.2,2.8,,,
Winter 2010-11,Neighborhood (Community District),Queens, Hillcrest and Fresh Meadows (CD8),408,Sulfur Dioxide (SO2),3,4,3.4,,,
Winter 2011-12,Neighborhood (Community District),Queens, Hillcrest and Fresh Meadows (CD8),408,Sulfur Dioxide (SO2),1.5,1.9,1.7,,,
Winter 2012-13,Neighborhood (Community District),Queens, Hillcrest and Fresh Meadows (CD8),408,Sulfur Dioxide (SO2),0.7,1.1,0.9,,,
Winter 2013-14,Neighborhood (Community District),Queens, Hillcrest and Fresh Meadows (CD8),408,Sulfur Dioxide (SO2),1.4,1.8,1.5,,,
Winter 2014-15,Neighborhood (Community District),Queens, Hillcrest and Fresh Meadows (CD8),408,Sulfur Dioxide (SO2),0.5,0.6,0.5,,,
Winter 2015-16,Neighborhood (Community District),Queens, Hillcrest and Fresh Meadows (CD8),408,Sulfur Dioxide (SO2),0.2,0.3,0.3,,,
Winter 2008-09,Neighborhood (Community District),Bronx, Hunts Point and Longwood (CD2),202,Sulfur Dioxide (SO2),4,6.5,5.1,,,
Winter 2009-10,Neighborhood (Community District),Bronx, Hunts Point and Longwood (CD2),202,Sulfur Dioxide (SO2),2.7,4.3,3.5,,,
Winter 2010-11,Neighborhood (Community District),Bronx, Hunts Point and Longwood (CD2),202,Sulfur Dioxide (SO2),3.4,5.5,4.4,,,
Winter 2011-12,Neighborhood (Community District),Bronx, Hunts Point and Longwood (CD2),202,Sulfur Dioxide (SO2),1.9,3.3,2.5,,,
Winter 2012-13,Neighborhood (Community District),Bronx, Hunts Point and Longwood (CD2),202,Sulfur Dioxide (SO2),1.3,2.2,1.7,,,
Winter 2013-14,Neighborhood (Community District),Bronx, Hunts Point and Longwood (CD2),202,Sulfur Dioxide (SO2),1.6,2.2,1.8,,,
Winter 2014-15,Neighborhood (Community District),Bronx, Hunts Point and Longwood (CD2),202,Sulfur Dioxide (SO2),0.7,1,0.8,,,
Winter 2015-16,Neighborhood (Community District),Bronx, Hunts Point and Longwood (CD2),202,Sulfur Dioxide (SO2),0.2,0.3,0.3,,,
Winter 2008-09,Neighborhood (Community District),Queens, Jackson Heights (CD3),403,Sulfur Dioxide (SO2),4.4,8.5,6.1,,,
Winter 2009-10,Neighborhood (Community District),Queens, Jackson Heights (CD3),403,Sulfur Dioxide (SO2),3.1,6.1,4.3,,,
Winter 2010-11,Neighborhood (Community District),Queens, Jackson Heights (CD3),403,Sulfur Dioxide (SO2),3.9,7.6,5.4,,,
Winter 2011-12,Neighborhood (Community District),Queens, Jackson Heights (CD3),403,Sulfur Dioxide (SO2),2,3.9,2.8,,,
Winter 2012-13,Neighborhood (Community District),Queens, Jackson Heights (CD3),403,Sulfur Dioxide (SO2),1.4,2.4,1.8,,,
Winter 2013-14,Neighborhood (Community District),Queens, Jackson Heights (CD3),403,Sulfur Dioxide (SO2),1.8,3,2.3,,,
Winter 2014-15,Neighborhood (Community District),Queens, Jackson Heights (CD3),403,Sulfur Dioxide (SO2),0.7,1.1,0.9,,,
Winter 2015-16,Neighborhood (Community District),Queens, Jackson Heights (CD3),403,Sulfur Dioxide (SO2),0.2,0.4,0.3,,,
Winter 2008-09,Neighborhood (Community District),Queens, Jamaica and Hollis (CD12),412,Sulfur Dioxide (SO2),3.1,3.9,3.4,,,
Winter 2009-10,Neighborhood (Community District),Queens, Jamaica and Hollis (CD12),412,Sulfur Dioxide (SO2),2.3,2.8,2.5,,,
Winter 2010-11,Neighborhood (Community District),Queens, Jamaica and Hollis (CD12),412,Sulfur Dioxide (SO2),2.5,3.3,2.9,,,
Winter 2011-12,Neighborhood (Community District),Queens, Jamaica and Hollis (CD12),412,Sulfur Dioxide (SO2),1.3,1.6,1.4,,,
Winter 2012-13,Neighborhood (Community District),Queens, Jamaica and Hollis (CD12),412,Sulfur Dioxide (SO2),0.6,0.9,0.7,,,
Winter 2013-14,Neighborhood (Community District),Queens, Jamaica and Hollis (CD12),412,Sulfur Dioxide (SO2),1,1.4,1.2,,,
Winter 2014-15,Neighborhood (Community District),Queens, Jamaica and Hollis (CD12),412,Sulfur Dioxide (SO2),0.4,0.5,0.4,,,
Winter 2015-16,Neighborhood (Community District),Queens, Jamaica and Hollis (CD12),412,Sulfur Dioxide (SO2),0.2,0.3,0.3,,,
Winter 2008-09,Neighborhood (Community District),Queens, Kew Gardens and Woodhaven (CD9),409,Sulfur Dioxide (SO2),4,4.6,4.2,,,
Winter 2009-10,Neighborhood (Community District),Queens, Kew Gardens and Woodhaven (CD9),409,Sulfur Dioxide (SO2),2.9,3.3,3.1,,,
Winter 2010-11,Neighborhood (Community District),Queens, Kew Gardens and Woodhaven (CD9),409,Sulfur Dioxide (SO2),3.5,4,3.7,,,
Winter 2011-12,Neighborhood (Community District),Queens, Kew Gardens and Woodhaven (CD9),409,Sulfur Dioxide (SO2),1.6,1.9,1.8,,,
Winter 2012-13,Neighborhood (Community District),Queens, Kew Gardens and Woodhaven (CD9),409,Sulfur Dioxide (SO2),1,1.1,1.1,,,
Winter 2013-14,Neighborhood (Community District),Queens, Kew Gardens and Woodhaven (CD9),409,Sulfur Dioxide (SO2),1.3,1.6,1.4,,,
Winter 2014-15,Neighborhood (Community District),Queens, Kew Gardens and Woodhaven (CD9),409,Sulfur Dioxide (SO2),0.5,0.6,0.5,,,
Winter 2015-16,Neighborhood (Community District),Queens, Kew Gardens and Woodhaven (CD9),409,Sulfur Dioxide (SO2),0.2,0.3,0.2,,,
Winter 2008-09,Neighborhood (Community District),Bronx, Kingsbridge Heights and Bedford (CD7),207,Sulfur Dioxide (SO2),9.1,14.6,11.8,,,
Winter 2009-10,Neighborhood (Community District),Bronx, Kingsbridge Heights and Bedford (CD7),207,Sulfur Dioxide (SO2),5.7,9.4,7.5,,,
Winter 2010-11,Neighborhood (Community District),Bronx, Kingsbridge Heights and Bedford (CD7),207,Sulfur Dioxide (SO2),7.3,12,9.5,,,
Winter 2011-12,Neighborhood (Community District),Bronx, Kingsbridge Heights and Bedford (CD7),207,Sulfur Dioxide (SO2),4.8,7.8,6.3,,,
Winter 2012-13,Neighborhood (Community District),Bronx, Kingsbridge Heights and Bedford (CD7),207,Sulfur Dioxide (SO2),3,5,4,,,
Winter 2013-14,Neighborhood (Community District),Bronx, Kingsbridge Heights and Bedford (CD7),207,Sulfur Dioxide (SO2),2.6,4.1,3.3,,,
Winter 2014-15,Neighborhood (Community District),Bronx, Kingsbridge Heights and Bedford (CD7),207,Sulfur Dioxide (SO2),1.5,2.1,1.8,,,
Winter 2015-16,Neighborhood (Community District),Bronx, Kingsbridge Heights and Bedford (CD7),207,Sulfur Dioxide (SO2),0.5,0.7,0.6,,,
Winter 2008-09,Neighborhood (Community District),Queens, Long Island City and Astoria (CD1),401,Sulfur Dioxide (SO2),4.1,6.2,5,,,
Winter 2009-10,Neighborhood (Community District),Queens, Long Island City and Astoria (CD1),401,Sulfur Dioxide (SO2),2.8,4.4,3.6,,,
Winter 2010-11,Neighborhood (Community District),Queens, Long Island City and Astoria (CD1),401,Sulfur Dioxide (SO2),3.6,5.5,4.5,,,
Winter 2011-12,Neighborhood (Community District),Queens, Long Island City and Astoria (CD1),401,Sulfur Dioxide (SO2),2,3,2.5,,,
Winter 2012-13,Neighborhood (Community District),Queens, Long Island City and Astoria (CD1),401,Sulfur Dioxide (SO2),1.4,2.1,1.7,,,
Winter 2013-14,Neighborhood (Community District),Queens, Long Island City and Astoria (CD1),401,Sulfur Dioxide (SO2),1.6,2.3,1.9,,,
Winter 2014-15,Neighborhood (Community District),Queens, Long Island City and Astoria (CD1),401,Sulfur Dioxide (SO2),0.7,1,0.8,,,
Winter 2015-16,Neighborhood (Community District),Queens, Long Island City and Astoria (CD1),401,Sulfur Dioxide (SO2),0.2,0.3,0.2,,,
Winter 2008-09,Neighborhood (Community District),Manhattan, Lower East Side and Chinatown (CD3),103,Sulfur Dioxide (SO2),5.2,9.7,7,,,
Winter 2009-10,Neighborhood (Community District),Manhattan, Lower East Side and Chinatown (CD3),103,Sulfur Dioxide (SO2),3.4,6.5,4.6,,,
Winter 2010-11,Neighborhood (Community District),Manhattan, Lower East Side and Chinatown (CD3),103,Sulfur Dioxide (SO2),4.3,8.2,5.9,,,
Winter 2011-12,Neighborhood (Community District),Manhattan, Lower East Side and Chinatown (CD3),103,Sulfur Dioxide (SO2),2.4,4.7,3.3,,,
Winter 2012-13,Neighborhood (Community District),Manhattan, Lower East Side and Chinatown (CD3),103,Sulfur Dioxide (SO2),1.3,2.6,1.8,,,
Winter 2013-14,Neighborhood (Community District),Manhattan, Lower East Side and Chinatown (CD3),103,Sulfur Dioxide (SO2),1.6,3,2.2,,,
Winter 2014-15,Neighborhood (Community District),Manhattan, Lower East Side and Chinatown (CD3),103,Sulfur Dioxide (SO2),0.6,1.2,0.9,,,
Winter 2015-16,Neighborhood (Community District),Manhattan, Lower East Side and Chinatown (CD3),103,Sulfur Dioxide (SO2),0.2,0.4,0.3,,,
Winter 2008-09,Neighborhood (Community District),Manhattan, Midtown (CD5),105,Sulfur Dioxide (SO2),8.4,12.9,10.3,,,
Winter 2009-10,Neighborhood (Community District),Manhattan, Midtown (CD5),105,Sulfur Dioxide (SO2),5.8,8.7,7,,,
Winter 2010-11,Neighborhood (Community District),Manhattan, Midtown (CD5),105,Sulfur Dioxide (SO2),7.2,10.9,8.8,,,
Winter 2011-12,Neighborhood (Community District),Manhattan, Midtown (CD5),105,Sulfur Dioxide (SO2),4.4,6.5,5.3,,,
Winter 2012-13,Neighborhood (Community District),Manhattan, Midtown (CD5),105,Sulfur Dioxide (SO2),2.6,3.8,3.2,,,
Winter 2013-14,Neighborhood (Community District),Manhattan, Midtown (CD5),105,Sulfur Dioxide (SO2),2.7,4.2,3.3,,,
Winter 2014-15,Neighborhood (Community District),Manhattan, Midtown (CD5),105,Sulfur Dioxide (SO2),1.1,1.7,1.4,,,
Winter 2015-16,Neighborhood (Community District),Manhattan, Midtown (CD5),105,Sulfur Dioxide (SO2),0.4,0.5,0.4,,,
Winter 2008-09,Neighborhood (Community District),Manhattan, Morningside Heights and Hamilton Heights (CD9),109,Sulfur Dioxide (SO2),7.8,10.7,9.3,,,
Winter 2009-10,Neighborhood (Community District),Manhattan, Morningside Heights and Hamilton Heights (CD9),109,Sulfur Dioxide (SO2),5.3,7.2,6.3,,,
Winter 2010-11,Neighborhood (Community District),Manhattan, Morningside Heights and Hamilton Heights (CD9),109,Sulfur Dioxide (SO2),6.7,9.1,7.9,,,
Winter 2011-12,Neighborhood (Community District),Manhattan, Morningside Heights and Hamilton Heights (CD9),109,Sulfur Dioxide (SO2),4.3,5.8,5.1,,,
Winter 2012-13,Neighborhood (Community District),Manhattan, Morningside Heights and Hamilton Heights (CD9),109,Sulfur Dioxide (SO2),2.9,4.2,3.5,,,
Winter 2013-14,Neighborhood (Community District),Manhattan, Morningside Heights and Hamilton Heights (CD9),109,Sulfur Dioxide (SO2),2.3,3.4,2.9,,,
Winter 2014-15,Neighborhood (Community District),Manhattan, Morningside Heights and Hamilton Heights (CD9),109,Sulfur Dioxide (SO2),1,1.4,1.2,,,
Winter 2015-16,Neighborhood (Community District),Manhattan, Morningside Heights and Hamilton Heights (CD9),109,Sulfur Dioxide (SO2),0.3,0.5,0.4,,,
Winter 2008-09,Neighborhood (Community District),Bronx, Morris Park and Bronxdale (CD11),211,Sulfur Dioxide (SO2),4.8,7.3,5.9,,,
Winter 2009-10,Neighborhood (Community District),Bronx, Morris Park and Bronxdale (CD11),211,Sulfur Dioxide (SO2),3,4.7,3.8,,,
Winter 2010-11,Neighborhood (Community District),Bronx, Morris Park and Bronxdale (CD11),211,Sulfur Dioxide (SO2),3.9,6,4.8,,,
Winter 2011-12,Neighborhood (Community District),Bronx, Morris Park and Bronxdale (CD11),211,Sulfur Dioxide (SO2),2.4,3.8,3,,,
Winter 2012-13,Neighborhood (Community District),Bronx, Morris Park and Bronxdale (CD11),211,Sulfur Dioxide (SO2),1.4,2.3,1.8,,,
Winter 2013-14,Neighborhood (Community District),Bronx, Morris Park and Bronxdale (CD11),211,Sulfur Dioxide (SO2),1.6,2.3,1.9,,,
Winter 2014-15,Neighborhood (Community District),Bronx, Morris Park and Bronxdale (CD11),211,Sulfur Dioxide (SO2),1,1.3,1.1,,,
Winter 2015-16,Neighborhood (Community District),Bronx, Morris Park and Bronxdale (CD11),211,Sulfur Dioxide (SO2),0.3,0.4,0.3,,,
Winter 2008-09,Neighborhood (Community District),Bronx, Morrisania and Crotona (CD3),203,Sulfur Dioxide (SO2),6.2,8.6,7,,,
Winter 2009-10,Neighborhood (Community District),Bronx, Morrisania and Crotona (CD3),203,Sulfur Dioxide (SO2),4.1,5.7,4.7,,,
Winter 2010-11,Neighborhood (Community District),Bronx, Morrisania and Crotona (CD3),203,Sulfur Dioxide (SO2),5.3,7.3,6,,,
Winter 2011-12,Neighborhood (Community District),Bronx, Morrisania and Crotona (CD3),203,Sulfur Dioxide (SO2),3.2,4.5,3.6,,,
Winter 2012-13,Neighborhood (Community District),Bronx, Morrisania and Crotona (CD3),203,Sulfur Dioxide (SO2),2.1,3.1,2.4,,,
Winter 2013-14,Neighborhood (Community District),Bronx, Morrisania and Crotona (CD3),203,Sulfur Dioxide (SO2),2,2.7,2.2,,,
Winter 2014-15,Neighborhood (Community District),Bronx, Morrisania and Crotona (CD3),203,Sulfur Dioxide (SO2),0.9,1.2,1,,,
Winter 2015-16,Neighborhood (Community District),Bronx, Morrisania and Crotona (CD3),203,Sulfur Dioxide (SO2),0.3,0.4,0.3,,,
Winter 2008-09,Neighborhood (Community District),Bronx, Mott Haven and Melrose (CD1),201,Sulfur Dioxide (SO2),4.6,6.5,5.7,,,
Winter 2009-10,Neighborhood (Community District),Bronx, Mott Haven and Melrose (CD1),201,Sulfur Dioxide (SO2),3.2,4.4,3.9,,,
Winter 2010-11,Neighborhood (Community District),Bronx, Mott Haven and Melrose (CD1),201,Sulfur Dioxide (SO2),4,5.6,4.9,,,
Winter 2011-12,Neighborhood (Community District),Bronx, Mott Haven and Melrose (CD1),201,Sulfur Dioxide (SO2),2.3,3.4,3,,,
Winter 2012-13,Neighborhood (Community District),Bronx, Mott Haven and Melrose (CD1),201,Sulfur Dioxide (SO2),1.6,2.3,2.1,,,
Winter 2013-14,Neighborhood (Community District),Bronx, Mott Haven and Melrose (CD1),201,Sulfur Dioxide (SO2),1.7,2.2,2,,,
Winter 2014-15,Neighborhood (Community District),Bronx, Mott Haven and Melrose (CD1),201,Sulfur Dioxide (SO2),0.7,0.9,0.9,,,
Winter 2015-16,Neighborhood (Community District),Bronx, Mott Haven and Melrose (CD1),201,Sulfur Dioxide (SO2),0.2,0.3,0.3,,,
Winter 2008-09,Neighborhood (Community District),Brooklyn, Park Slope and Carroll Gardens (CD6),306,Sulfur Dioxide (SO2),3.3,4.4,3.9,,,
Winter 2009-10,Neighborhood (Community District),Brooklyn, Park Slope and Carroll Gardens (CD6),306,Sulfur Dioxide (SO2),2,2.8,2.5,,,
Winter 2010-11,Neighborhood (Community District),Brooklyn, Park Slope and Carroll Gardens (CD6),306,Sulfur Dioxide (SO2),2.7,3.6,3.2,,,
Winter 2011-12,Neighborhood (Community District),Brooklyn, Park Slope and Carroll Gardens (CD6),306,Sulfur Dioxide (SO2),1.4,1.9,1.6,,,
Winter 2012-13,Neighborhood (Community District),Brooklyn, Park Slope and Carroll Gardens (CD6),306,Sulfur Dioxide (SO2),0.7,1,0.8,,,
Winter 2013-14,Neighborhood (Community District),Brooklyn, Park Slope and Carroll Gardens (CD6),306,Sulfur Dioxide (SO2),1,1.2,1.1,,,
Winter 2014-15,Neighborhood (Community District),Brooklyn, Park Slope and Carroll Gardens (CD6),306,Sulfur Dioxide (SO2),0.4,0.5,0.4,,,
Winter 2015-16,Neighborhood (Community District),Brooklyn, Park Slope and Carroll Gardens (CD6),306,Sulfur Dioxide (SO2),0.2,0.2,0.2,,,
Winter 2008-09,Neighborhood (Community District),Bronx, Parkchester and Soundview (CD9),209,Sulfur Dioxide (SO2),4.4,7.3,5.9,,,
Winter 2009-10,Neighborhood (Community District),Bronx, Parkchester and Soundview (CD9),209,Sulfur Dioxide (SO2),2.9,4.8,3.9,,,
Winter 2010-11,Neighborhood (Community District),Bronx, Parkchester and Soundview (CD9),209,Sulfur Dioxide (SO2),3.8,6.1,4.9,,,
Winter 2011-12,Neighborhood (Community District),Bronx, Parkchester and Soundview (CD9),209,Sulfur Dioxide (SO2),2.1,3.6,2.9,,,
Winter 2012-13,Neighborhood (Community District),Bronx, Parkchester and Soundview (CD9),209,Sulfur Dioxide (SO2),1.3,2.4,1.9,,,
Winter 2013-14,Neighborhood (Community District),Bronx, Parkchester and Soundview (CD9),209,Sulfur Dioxide (SO2),1.7,2.4,2.1,,,
Winter 2014-15,Neighborhood (Community District),Bronx, Parkchester and Soundview (CD9),209,Sulfur Dioxide (SO2),0.8,1.2,1,,,
Winter 2015-16,Neighborhood (Community District),Bronx, Parkchester and Soundview (CD9),209,Sulfur Dioxide (SO2),0.2,0.4,0.3,,,
Winter 2008-09,Neighborhood (Community District),Queens, Queens Village (CD13),413,Sulfur Dioxide (SO2),2.7,3.5,3.1,,,
Winter 2009-10,Neighborhood (Community District),Queens, Queens Village (CD13),413,Sulfur Dioxide (SO2),2,2.4,2.2,,,
Winter 2010-11,Neighborhood (Community District),Queens, Queens Village (CD13),413,Sulfur Dioxide (SO2),2.2,2.9,2.5,,,
Winter 2011-12,Neighborhood (Community District),Queens, Queens Village (CD13),413,Sulfur Dioxide (SO2),1.1,1.5,1.3,,,
Winter 2012-13,Neighborhood (Community District),Queens, Queens Village (CD13),413,Sulfur Dioxide (SO2),0.5,0.7,0.6,,,
Winter 2013-14,Neighborhood (Community District),Queens, Queens Village (CD13),413,Sulfur Dioxide (SO2),0.9,1.4,1.1,,,
Winter 2014-15,Neighborhood (Community District),Queens, Queens Village (CD13),413,Sulfur Dioxide (SO2),0.3,0.5,0.4,,,
Winter 2015-16,Neighborhood (Community District),Queens, Queens Village (CD13),413,Sulfur Dioxide (SO2),0.2,0.3,0.3,,,
Winter 2008-09,Neighborhood (Community District),Queens, Rego Park and Forest Hills (CD6),406,Sulfur Dioxide (SO2),3.9,6.9,5.3,,,
Winter 2009-10,Neighborhood (Community District),Queens, Rego Park and Forest Hills (CD6),406,Sulfur Dioxide (SO2),2.8,4.9,3.8,,,
Winter 2010-11,Neighborhood (Community District),Queens, Rego Park and Forest Hills (CD6),406,Sulfur Dioxide (SO2),3.5,6.1,4.7,,,
Winter 2011-12,Neighborhood (Community District),Queens, Rego Park and Forest Hills (CD6),406,Sulfur Dioxide (SO2),1.6,3,2.3,,,
Winter 2012-13,Neighborhood (Community District),Queens, Rego Park and Forest Hills (CD6),406,Sulfur Dioxide (SO2),1.1,1.7,1.3,,,
Winter 2013-14,Neighborhood (Community District),Queens, Rego Park and Forest Hills (CD6),406,Sulfur Dioxide (SO2),1.4,2.2,1.8,,,
Winter 2014-15,Neighborhood (Community District),Queens, Rego Park and Forest Hills (CD6),406,Sulfur Dioxide (SO2),0.5,0.8,0.7,,,
Winter 2015-16,Neighborhood (Community District),Queens, Rego Park and Forest Hills (CD6),406,Sulfur Dioxide (SO2),0.2,0.3,0.3,,,
Winter 2008-09,Neighborhood (Community District),Queens, Ridgewood and Maspeth (CD5),405,Sulfur Dioxide (SO2),3.6,4.7,4.1,,,
Winter 2009-10,Neighborhood (Community District),Queens, Ridgewood and Maspeth (CD5),405,Sulfur Dioxide (SO2),2.6,3.4,2.9,,,
Winter 2010-11,Neighborhood (Community District),Queens, Ridgewood and Maspeth (CD5),405,Sulfur Dioxide (SO2),3.2,4.1,3.6,,,
Winter 2011-12,Neighborhood (Community District),Queens, Ridgewood and Maspeth (CD5),405,Sulfur Dioxide (SO2),1.5,2,1.8,,,
Winter 2012-13,Neighborhood (Community District),Queens, Ridgewood and Maspeth (CD5),405,Sulfur Dioxide (SO2),1,1.3,1.1,,,
Winter 2013-14,Neighborhood (Community District),Queens, Ridgewood and Maspeth (CD5),405,Sulfur Dioxide (SO2),1.2,1.6,1.4,,,
Winter 2014-15,Neighborhood (Community District),Queens, Ridgewood and Maspeth (CD5),405,Sulfur Dioxide (SO2),0.5,0.6,0.6,,,
Winter 2015-16,Neighborhood (Community District),Queens, Ridgewood and Maspeth (CD5),405,Sulfur Dioxide (SO2),0.2,0.2,0.2,,,
Winter 2008-09,Neighborhood (Community District),Bronx, Riverdale and Fieldston (CD8),208,Sulfur Dioxide (SO2),4.9,9.1,6.7,,,
Winter 2009-10,Neighborhood (Community District),Bronx, Riverdale and Fieldston (CD8),208,Sulfur Dioxide (SO2),3.1,5.8,4.2,,,
Winter 2010-11,Neighborhood (Community District),Bronx, Riverdale and Fieldston (CD8),208,Sulfur Dioxide (SO2),3.9,7.4,5.4,,,
Winter 2011-12,Neighborhood (Community District),Bronx, Riverdale and Fieldston (CD8),208,Sulfur Dioxide (SO2),2.8,5,3.8,,,
Winter 2012-13,Neighborhood (Community District),Bronx, Riverdale and Fieldston (CD8),208,Sulfur Dioxide (SO2),1.6,3.2,2.3,,,
Winter 2013-14,Neighborhood (Community District),Bronx, Riverdale and Fieldston (CD8),208,Sulfur Dioxide (SO2),1.3,2.4,1.7,,,
Winter 2014-15,Neighborhood (Community District),Bronx, Riverdale and Fieldston (CD8),208,Sulfur Dioxide (SO2),0.8,1.3,1,,,
Winter 2015-16,Neighborhood (Community District),Bronx, Riverdale and Fieldston (CD8),208,Sulfur Dioxide (SO2),0.2,0.4,0.3,,,
Winter 2008-09,Neighborhood (Community District),Queens, Rockaway and Broad Channel (CD14),414,Sulfur Dioxide (SO2),2.2,2.6,2.4,,,
Winter 2009-10,Neighborhood (Community District),Queens, Rockaway and Broad Channel (CD14),414,Sulfur Dioxide (SO2),1.6,2.1,1.9,,,
Winter 2010-11,Neighborhood (Community District),Queens, Rockaway and Broad Channel (CD14),414,Sulfur Dioxide (SO2),1.7,2.1,1.9,,,
Winter 2011-12,Neighborhood (Community District),Queens, Rockaway and Broad Channel (CD14),414,Sulfur Dioxide (SO2),0.8,1,0.9,,,
Winter 2012-13,Neighborhood (Community District),Queens, Rockaway and Broad Channel (CD14),414,Sulfur Dioxide (SO2),0.5,0.5,0.5,,,
Winter 2013-14,Neighborhood (Community District),Queens, Rockaway and Broad Channel (CD14),414,Sulfur Dioxide (SO2),0.6,0.7,0.6,,,
Winter 2014-15,Neighborhood (Community District),Queens, Rockaway and Broad Channel (CD14),414,Sulfur Dioxide (SO2),0.3,0.3,0.3,,,
Winter 2015-16,Neighborhood (Community District),Queens, Rockaway and Broad Channel (CD14),414,Sulfur Dioxide (SO2),0.2,0.2,0.2,,,
Winter 2008-09,Neighborhood (Community District),Brooklyn, Sheepshead Bay (CD15),315,Sulfur Dioxide (SO2),2.6,3.8,3.3,,,
Winter 2009-10,Neighborhood (Community District),Brooklyn, Sheepshead Bay (CD15),315,Sulfur Dioxide (SO2),1.9,2.6,2.3,,,
Winter 2010-11,Neighborhood (Community District),Brooklyn, Sheepshead Bay (CD15),315,Sulfur Dioxide (SO2),2.1,3,2.7,,,
Winter 2011-12,Neighborhood (Community District),Brooklyn, Sheepshead Bay (CD15),315,Sulfur Dioxide (SO2),0.9,1.4,1.2,,,
Winter 2012-13,Neighborhood (Community District),Brooklyn, Sheepshead Bay (CD15),315,Sulfur Dioxide (SO2),0.6,0.8,0.7,,,
Winter 2013-14,Neighborhood (Community District),Brooklyn, Sheepshead Bay (CD15),315,Sulfur Dioxide (SO2),0.7,1,0.8,,,
Winter 2014-15,Neighborhood (Community District),Brooklyn, Sheepshead Bay (CD15),315,Sulfur Dioxide (SO2),0.4,0.5,0.4,,,
Winter 2015-16,Neighborhood (Community District),Brooklyn, Sheepshead Bay (CD15),315,Sulfur Dioxide (SO2),0.2,0.2,0.2,,,
Winter 2008-09,Neighborhood (Community District),Staten Island, South Beach and Willowbrook (CD2),502,Sulfur Dioxide (SO2),2,2.4,2.2,,,
Winter 2009-10,Neighborhood (Community District),Staten Island, South Beach and Willowbrook (CD2),502,Sulfur Dioxide (SO2),1.1,1.4,1.2,,,
Winter 2010-11,Neighborhood (Community District),Staten Island, South Beach and Willowbrook (CD2),502,Sulfur Dioxide (SO2),1.7,2,1.8,,,
Winter 2011-12,Neighborhood (Community District),Staten Island, South Beach and Willowbrook (CD2),502,Sulfur Dioxide (SO2),0.8,0.9,0.8,,,
Winter 2012-13,Neighborhood (Community District),Staten Island, South Beach and Willowbrook (CD2),502,Sulfur Dioxide (SO2),0.4,0.5,0.4,,,
Winter 2013-14,Neighborhood (Community District),Staten Island, South Beach and Willowbrook (CD2),502,Sulfur Dioxide (SO2),0.8,0.9,0.9,,,
Winter 2014-15,Neighborhood (Community District),Staten Island, South Beach and Willowbrook (CD2),502,Sulfur Dioxide (SO2),0.3,0.3,0.3,,,
Winter 2015-16,Neighborhood (Community District),Staten Island, South Beach and Willowbrook (CD2),502,Sulfur Dioxide (SO2),0.1,0.1,0.1,,,
Winter 2008-09,Neighborhood (Community District),Brooklyn, South Crown Heights and Lefferts Gardens (CD9),309,Sulfur Dioxide (SO2),4.6,5.3,5,,,
Winter 2009-10,Neighborhood (Community District),Brooklyn, South Crown Heights and Lefferts Gardens (CD9),309,Sulfur Dioxide (SO2),3.1,3.5,3.4,,,
Winter 2010-11,Neighborhood (Community District),Brooklyn, South Crown Heights and Lefferts Gardens (CD9),309,Sulfur Dioxide (SO2),3.9,4.4,4.2,,,
Winter 2011-12,Neighborhood (Community District),Brooklyn, South Crown Heights and Lefferts Gardens (CD9),309,Sulfur Dioxide (SO2),1.8,2.1,2,,,
Winter 2012-13,Neighborhood (Community District),Brooklyn, South Crown Heights and Lefferts Gardens (CD9),309,Sulfur Dioxide (SO2),1,1.2,1.1,,,
Winter 2013-14,Neighborhood (Community District),Brooklyn, South Crown Heights and Lefferts Gardens (CD9),309,Sulfur Dioxide (SO2),1.2,1.3,1.3,,,
Winter 2014-15,Neighborhood (Community District),Brooklyn, South Crown Heights and Lefferts Gardens (CD9),309,Sulfur Dioxide (SO2),0.5,0.6,0.5,,,
Winter 2015-16,Neighborhood (Community District),Brooklyn, South Crown Heights and Lefferts Gardens (CD9),309,Sulfur Dioxide (SO2),0.2,0.2,0.2,,,
Winter 2008-09,Neighborhood (Community District),Queens, South Ozone Park and Howard Beach (CD10),410,Sulfur Dioxide (SO2),2.9,3.9,3.4,,,
Winter 2009-10,Neighborhood (Community District),Queens, South Ozone Park and Howard Beach (CD10),410,Sulfur Dioxide (SO2),2.2,2.9,2.5,,,
Winter 2010-11,Neighborhood (Community District),Queens, South Ozone Park and Howard Beach (CD10),410,Sulfur Dioxide (SO2),2.5,3.4,2.9,,,
Winter 2011-12,Neighborhood (Community District),Queens, South Ozone Park and Howard Beach (CD10),410,Sulfur Dioxide (SO2),1.2,1.6,1.4,,,
Winter 2012-13,Neighborhood (Community District),Queens, South Ozone Park and Howard Beach (CD10),410,Sulfur Dioxide (SO2),0.7,1,0.8,,,
Winter 2013-14,Neighborhood (Community District),Queens, South Ozone Park and Howard Beach (CD10),410,Sulfur Dioxide (SO2),0.9,1.3,1.1,,,
Winter 2014-15,Neighborhood (Community District),Queens, South Ozone Park and Howard Beach (CD10),410,Sulfur Dioxide (SO2),0.4,0.5,0.4,,,
Winter 2015-16,Neighborhood (Community District),Queens, South Ozone Park and Howard Beach (CD10),410,Sulfur Dioxide (SO2),0.2,0.3,0.2,,,
Winter 2008-09,Neighborhood (Community District),Staten Island, St. George and Stapleton (CD1),501,Sulfur Dioxide (SO2),2.4,2.8,2.6,,,
Winter 2009-10,Neighborhood (Community District),Staten Island, St. George and Stapleton (CD1),501,Sulfur Dioxide (SO2),1.3,1.6,1.4,,,
Winter 2010-11,Neighborhood (Community District),Staten Island, St. George and Stapleton (CD1),501,Sulfur Dioxide (SO2),2,2.3,2.1,,,
Winter 2011-12,Neighborhood (Community District),Staten Island, St. George and Stapleton (CD1),501,Sulfur Dioxide (SO2),1,1.1,1,,,
Winter 2012-13,Neighborhood (Community District),Staten Island, St. George and Stapleton (CD1),501,Sulfur Dioxide (SO2),0.5,0.5,0.5,,,
Winter 2013-14,Neighborhood (Community District),Staten Island, St. George and Stapleton (CD1),501,Sulfur Dioxide (SO2),0.9,1,1,,,
Winter 2014-15,Neighborhood (Community District),Staten Island, St. George and Stapleton (CD1),501,Sulfur Dioxide (SO2),0.3,0.4,0.3,,,
Winter 2015-16,Neighborhood (Community District),Staten Island, St. George and Stapleton (CD1),501,Sulfur Dioxide (SO2),0.1,0.1,0.1,,,
Winter 2008-09,Neighborhood (Community District),Manhattan, Stuyvesant Town and Turtle Bay (CD6),106,Sulfur Dioxide (SO2),7.4,11.6,9.2,,,
Winter 2009-10,Neighborhood (Community District),Manhattan, Stuyvesant Town and Turtle Bay (CD6),106,Sulfur Dioxide (SO2),5,7.9,6.3,,,
Winter 2010-11,Neighborhood (Community District),Manhattan, Stuyvesant Town and Turtle Bay (CD6),106,Sulfur Dioxide (SO2),6.3,9.8,7.9,,,
Winter 2011-12,Neighborhood (Community District),Manhattan, Stuyvesant Town and Turtle Bay (CD6),106,Sulfur Dioxide (SO2),3.6,5.8,4.6,,,
Winter 2012-13,Neighborhood (Community District),Manhattan, Stuyvesant Town and Turtle Bay (CD6),106,Sulfur Dioxide (SO2),2.2,3.5,2.8,,,
Winter 2013-14,Neighborhood (Community District),Manhattan, Stuyvesant Town and Turtle Bay (CD6),106,Sulfur Dioxide (SO2),2.4,3.7,3,,,
Winter 2014-15,Neighborhood (Community District),Manhattan, Stuyvesant Town and Turtle Bay (CD6),106,Sulfur Dioxide (SO2),1,1.5,1.2,,,
Winter 2015-16,Neighborhood (Community District),Manhattan, Stuyvesant Town and Turtle Bay (CD6),106,Sulfur Dioxide (SO2),0.3,0.5,0.4,,,
Winter 2008-09,Neighborhood (Community District),Brooklyn, Sunset Park (CD7),307,Sulfur Dioxide (SO2),3.3,4.5,3.8,,,
Winter 2009-10,Neighborhood (Community District),Brooklyn, Sunset Park (CD7),307,Sulfur Dioxide (SO2),2,2.8,2.3,,,
Winter 2010-11,Neighborhood (Community District),Brooklyn, Sunset Park (CD7),307,Sulfur Dioxide (SO2),2.6,3.6,3.1,,,
Winter 2011-12,Neighborhood (Community District),Brooklyn, Sunset Park (CD7),307,Sulfur Dioxide (SO2),1.3,1.8,1.5,,,
Winter 2012-13,Neighborhood (Community District),Brooklyn, Sunset Park (CD7),307,Sulfur Dioxide (SO2),0.7,0.9,0.8,,,
Winter 2013-14,Neighborhood (Community District),Brooklyn, Sunset Park (CD7),307,Sulfur Dioxide (SO2),0.9,1.2,1,,,
Winter 2014-15,Neighborhood (Community District),Brooklyn, Sunset Park (CD7),307,Sulfur Dioxide (SO2),0.4,0.5,0.4,,,
Winter 2015-16,Neighborhood (Community District),Brooklyn, Sunset Park (CD7),307,Sulfur Dioxide (SO2),0.2,0.2,0.2,,,
Winter 2008-09,Neighborhood (Community District),Bronx, Throgs Neck and Co-op City (CD10),210,Sulfur Dioxide (SO2),3.9,5,4.4,,,
Winter 2009-10,Neighborhood (Community District),Bronx, Throgs Neck and Co-op City (CD10),210,Sulfur Dioxide (SO2),2.5,3.1,2.8,,,
Winter 2010-11,Neighborhood (Community District),Bronx, Throgs Neck and Co-op City (CD10),210,Sulfur Dioxide (SO2),3.1,4,3.6,,,
Winter 2011-12,Neighborhood (Community District),Bronx, Throgs Neck and Co-op City (CD10),210,Sulfur Dioxide (SO2),1.8,2.5,2.1,,,
Winter 2012-13,Neighborhood (Community District),Bronx, Throgs Neck and Co-op City (CD10),210,Sulfur Dioxide (SO2),1,1.4,1.2,,,
Winter 2013-14,Neighborhood (Community District),Bronx, Throgs Neck and Co-op City (CD10),210,Sulfur Dioxide (SO2),1.5,1.8,1.6,,,
Winter 2014-15,Neighborhood (Community District),Bronx, Throgs Neck and Co-op City (CD10),210,Sulfur Dioxide (SO2),0.8,1.1,0.9,,,
Winter 2015-16,Neighborhood (Community District),Bronx, Throgs Neck and Co-op City (CD10),210,Sulfur Dioxide (SO2),0.2,0.3,0.3,,,
Winter 2008-09,Neighborhood (Community District),Staten Island, Tottenville and Great Kills (CD3),503,Sulfur Dioxide (SO2),1.6,2,1.8,,,
Winter 2009-10,Neighborhood (Community District),Staten Island, Tottenville and Great Kills (CD3),503,Sulfur Dioxide (SO2),0.8,1.1,1,,,
Winter 2010-11,Neighborhood (Community District),Staten Island, Tottenville and Great Kills (CD3),503,Sulfur Dioxide (SO2),1.3,1.7,1.5,,,
Winter 2011-12,Neighborhood (Community District),Staten Island, Tottenville and Great Kills (CD3),503,Sulfur Dioxide (SO2),0.5,0.7,0.6,,,
Winter 2012-13,Neighborhood (Community District),Staten Island, Tottenville and Great Kills (CD3),503,Sulfur Dioxide (SO2),0.4,0.4,0.4,,,
Winter 2013-14,Neighborhood (Community District),Staten Island, Tottenville and Great Kills (CD3),503,Sulfur Dioxide (SO2),0.6,0.8,0.7,,,
Winter 2014-15,Neighborhood (Community District),Staten Island, Tottenville and Great Kills (CD3),503,Sulfur Dioxide (SO2),0.2,0.3,0.2,,,
Winter 2015-16,Neighborhood (Community District),Staten Island, Tottenville and Great Kills (CD3),503,Sulfur Dioxide (SO2),0.1,0.1,0.1,,,
Winter 2008-09,Neighborhood (Community District),Manhattan, Upper East Side (CD8),108,Sulfur Dioxide (SO2),7.3,15.9,12.1,,,
Winter 2009-10,Neighborhood (Community District),Manhattan, Upper East Side (CD8),108,Sulfur Dioxide (SO2),5.2,11.1,8.5,,,
Winter 2010-11,Neighborhood (Community District),Manhattan, Upper East Side (CD8),108,Sulfur Dioxide (SO2),6.4,13.8,10.4,,,
Winter 2011-12,Neighborhood (Community District),Manhattan, Upper East Side (CD8),108,Sulfur Dioxide (SO2),3.7,8.3,6.3,,,
Winter 2012-13,Neighborhood (Community District),Manhattan, Upper East Side (CD8),108,Sulfur Dioxide (SO2),2.5,5.6,4.1,,,
Winter 2013-14,Neighborhood (Community District),Manhattan, Upper East Side (CD8),108,Sulfur Dioxide (SO2),2.5,5.1,3.8,,,
Winter 2014-15,Neighborhood (Community District),Manhattan, Upper East Side (CD8),108,Sulfur Dioxide (SO2),1,1.9,1.5,,,
Winter 2015-16,Neighborhood (Community District),Manhattan, Upper East Side (CD8),108,Sulfur Dioxide (SO2),0.3,0.6,0.5,,,
Winter 2008-09,Neighborhood (Community District),Manhattan, Upper West Side (CD7),107,Sulfur Dioxide (SO2),9.1,12.7,11,,,
Winter 2009-10,Neighborhood (Community District),Manhattan, Upper West Side (CD7),107,Sulfur Dioxide (SO2),6.2,8.8,7.6,,,
Winter 2010-11,Neighborhood (Community District),Manhattan, Upper West Side (CD7),107,Sulfur Dioxide (SO2),7.7,10.9,9.4,,,
Winter 2011-12,Neighborhood (Community District),Manhattan, Upper West Side (CD7),107,Sulfur Dioxide (SO2),4.9,6.9,6,,,
Winter 2012-13,Neighborhood (Community District),Manhattan, Upper West Side (CD7),107,Sulfur Dioxide (SO2),3,4.7,4,,,
Winter 2013-14,Neighborhood (Community District),Manhattan, Upper West Side (CD7),107,Sulfur Dioxide (SO2),2.9,4.2,3.5,,,
Winter 2014-15,Neighborhood (Community District),Manhattan, Upper West Side (CD7),107,Sulfur Dioxide (SO2),1.2,1.6,1.4,,,
Winter 2015-16,Neighborhood (Community District),Manhattan, Upper West Side (CD7),107,Sulfur Dioxide (SO2),0.4,0.5,0.4,,,
Winter 2008-09,Neighborhood (Community District),Manhattan, Washington Heights and Inwood (CD12),112,Sulfur Dioxide (SO2),8.6,14.1,11.4,,,
Winter 2009-10,Neighborhood (Community District),Manhattan, Washington Heights and Inwood (CD12),112,Sulfur Dioxide (SO2),5.5,9.2,7.5,,,
Winter 2010-11,Neighborhood (Community District),Manhattan, Washington Heights and Inwood (CD12),112,Sulfur Dioxide (SO2),7.1,11.7,9.5,,,
Winter 2011-12,Neighborhood (Community District),Manhattan, Washington Heights and Inwood (CD12),112,Sulfur Dioxide (SO2),4.8,7.8,6.3,,,
Winter 2012-13,Neighborhood (Community District),Manhattan, Washington Heights and Inwood (CD12),112,Sulfur Dioxide (SO2),3.2,5.2,4.3,,,
Winter 2013-14,Neighborhood (Community District),Manhattan, Washington Heights and Inwood (CD12),112,Sulfur Dioxide (SO2),2.5,4.1,3.4,,,
Winter 2014-15,Neighborhood (Community District),Manhattan, Washington Heights and Inwood (CD12),112,Sulfur Dioxide (SO2),1.2,1.8,1.6,,,
Winter 2015-16,Neighborhood (Community District),Manhattan, Washington Heights and Inwood (CD12),112,Sulfur Dioxide (SO2),0.4,0.6,0.5,,,
Winter 2008-09,Neighborhood (Community District),Bronx, Williamsbridge and Baychester (CD12),212,Sulfur Dioxide (SO2),4.8,6.7,5.8,,,
Winter 2009-10,Neighborhood (Community District),Bronx, Williamsbridge and Baychester (CD12),212,Sulfur Dioxide (SO2),3,4.2,3.6,,,
Winter 2010-11,Neighborhood (Community District),Bronx, Williamsbridge and Baychester (CD12),212,Sulfur Dioxide (SO2),3.7,5.3,4.5,,,
Winter 2011-12,Neighborhood (Community District),Bronx, Williamsbridge and Baychester (CD12),212,Sulfur Dioxide (SO2),2.5,3.6,3,,,
Winter 2012-13,Neighborhood (Community District),Bronx, Williamsbridge and Baychester (CD12),212,Sulfur Dioxide (SO2),1.3,2.1,1.7,,,
Winter 2013-14,Neighborhood (Community District),Bronx, Williamsbridge and Baychester (CD12),212,Sulfur Dioxide (SO2),1.4,2,1.7,,,
Winter 2014-15,Neighborhood (Community District),Bronx, Williamsbridge and Baychester (CD12),212,Sulfur Dioxide (SO2),1,1.3,1.2,,,
Winter 2015-16,Neighborhood (Community District),Bronx, Williamsbridge and Baychester (CD12),212,Sulfur Dioxide (SO2),0.3,0.4,0.3,,,
Winter 2008-09,Neighborhood (Community District),Queens, Woodside and Sunnyside (CD2),402,Sulfur Dioxide (SO2),3.8,6.3,4.8,,,
Winter 2009-10,Neighborhood (Community District),Queens, Woodside and Sunnyside (CD2),402,Sulfur Dioxide (SO2),2.7,4.5,3.4,,,
Winter 2010-11,Neighborhood (Community District),Queens, Woodside and Sunnyside (CD2),402,Sulfur Dioxide (SO2),3.3,5.6,4.3,,,
Winter 2011-12,Neighborhood (Community District),Queens, Woodside and Sunnyside (CD2),402,Sulfur Dioxide (SO2),1.7,2.9,2.3,,,
Winter 2012-13,Neighborhood (Community District),Queens, Woodside and Sunnyside (CD2),402,Sulfur Dioxide (SO2),1.1,1.9,1.5,,,
Winter 2013-14,Neighborhood (Community District),Queens, Woodside and Sunnyside (CD2),402,Sulfur Dioxide (SO2),1.4,2.2,1.7,,,
Winter 2014-15,Neighborhood (Community District),Queens, Woodside and Sunnyside (CD2),402,Sulfur Dioxide (SO2),0.6,0.9,0.7,,,
Winter 2015-16,Neighborhood (Community District),Queens, Woodside and Sunnyside (CD2),402,Sulfur Dioxide (SO2),0.2,0.3,0.2,,,